Invoice ID,Branch,CustomerID,City,Customer type,Gender,Product line,Unit price,Quantity,Tax 5%,Total,Date,Time,Payment,cogs,gross margin percentage,gross income,Rating,Longitude,Latitude,Year,Month,Day,Day_Name
750-67-8428,A,C1888,Yangon,Member,Female,Health and beauty,74.69,10,37.345,746.9,2019-02-21,13:08,Ewallet,711.3333333,4.761904762,35.56666667,9.1,96.1735,16.8409,2019,2,21,Thursday
226-31-3081,C,C1475,Naypyitaw,Normal,Female,Health and beauty,15.28,6,4.584,91.68,2019-05-27,10:29,Cash,76.4,4.761904762,15.28,10.0,96.0785,19.7633,2019,5,27,Monday
631-41-3108,A,C1746,Yangon,Normal,Male,Health and beauty,46.33,7,16.2155,324.31,2019-12-27,13:23,Credit card,324.31,4.761904762,0.0,7.4,96.1735,16.8409,2019,12,27,Friday
123-19-1176,A,C1896,Yangon,Member,Male,Health and beauty,58.22,11,32.021,640.42,2019-11-15,20:33,Ewallet,465.76,4.761904762,174.66,8.4,96.1735,16.8409,2019,11,15,Friday
373-73-7910,A,C1790,Yangon,Normal,Male,Health and beauty,86.31,7,30.2085,604.17,2019-03-31,10:37,Ewallet,604.17,4.761904762,0.0,7.455,96.1735,16.8409,2019,3,31,Sunday
699-14-3026,C,C1423,Naypyitaw,Normal,Male,Health and beauty,85.39,8,34.156,683.12,2019-01-06,18:30,Ewallet,597.73,4.761904762,85.39,7.455,96.0785,19.7633,2019,1,6,Sunday
355-53-5943,A,C1723,Yangon,Normal,Female,Health and beauty,68.84,6,20.652,413.04,2019-12-15,14:36,Ewallet,413.04,4.761904762,0.0,7.455,96.1735,16.8409,2019,12,15,Sunday
315-22-5665,C,C1471,Naypyitaw,Normal,Female,Health and beauty,73.56,12,44.136,882.72,2019-06-14,11:38,Ewallet,735.6,4.761904762,147.12,7.455,96.0785,19.7633,2019,6,14,Friday
665-32-9167,A,C1707,Yangon,Normal,Female,Health and beauty,36.26,2,3.626,72.52,2019-11-25,17:15,Credit card,72.52,4.761904762,0.0,7.455,96.1735,16.8409,2019,11,25,Monday
692-92-5582,B,C1277,Mandalay,Normal,Female,Health and beauty,54.84,4,10.968,219.36,2019-04-10,13:27,Credit card,164.52,4.761904762,54.84,7.455,96.0891,21.9588,2019,4,10,Wednesday
351-62-0822,B,C1300,Mandalay,Normal,Female,Health and beauty,14.48,6,4.344,86.88,2019-07-23,18:07,Ewallet,57.92,4.761904762,28.96,7.455,96.0891,21.9588,2019,7,23,Tuesday
529-56-3974,B,C1264,Mandalay,Normal,Male,Health and beauty,25.51,6,15.468250000000001,153.06,2019-08-26,17:03,Cash,102.04,4.761904762,51.02,7.455,96.0891,21.9588,2019,8,26,Monday
365-64-0515,A,C1710,Yangon,Normal,Female,Electronic accessories,46.95,5,15.468250000000001,234.75,2019-08-25,10:25,Ewallet,234.75,4.761904762,0.0,7.455,96.1735,16.8409,2019,8,25,Sunday
252-56-2699,A,C1726,Yangon,Normal,Male,Food and beverages,43.19,10,15.468250000000001,431.9,2019-10-02,16:48,Ewallet,431.9,4.761904762,0.0,8.2,96.1735,16.8409,2019,10,2,Wednesday
829-34-3910,A,C1702,Yangon,Normal,Female,Health and beauty,71.38,10,15.468250000000001,713.8,2019-11-23,19:21,Cash,713.8,4.761904762,0.0,5.7,96.1735,16.8409,2019,11,23,Saturday
299-46-1805,B,C1280,Mandalay,Member,Female,Sports and travel,93.72,11,15.468250000000001,1030.92,2019-07-15,16:19,Cash,562.32,4.761904762,468.6,5.4,96.0891,21.9588,2019,7,15,Monday
656-95-9349,A,C1799,Yangon,Member,Female,Health and beauty,68.93,10,15.468250000000001,689.3,2019-12-02,11:03,Credit card,482.51,4.761904762,206.79,4.6,96.1735,16.8409,2019,12,2,Monday
765-26-6951,A,C1669,Yangon,Normal,Male,Sports and travel,72.61,6,15.468250000000001,435.66,2019-03-09,10:39,Credit card,435.66,4.761904762,0.0,6.9,96.1735,16.8409,2019,3,9,Saturday
329-62-1586,A,C1645,Yangon,Normal,Male,Food and beverages,54.67,3,15.468250000000001,164.01,2019-07-09,18:00,Credit card,164.01,4.761904762,0.0,8.6,96.1735,16.8409,2019,7,9,Tuesday
319-50-3348,B,C1207,Mandalay,Normal,Female,Home and lifestyle,40.3,3,15.468250000000001,120.9,2019-05-08,15:30,Ewallet,80.6,4.761904762,40.3,5.28,96.0891,21.9588,2019,5,8,Wednesday
300-71-4605,C,C1462,Naypyitaw,Member,Male,Electronic accessories,86.04,8,15.468250000000001,688.32,2019-10-18,11:24,Ewallet,430.2,4.761904762,258.12,5.04,96.0785,19.7633,2019,10,18,Friday
371-85-5789,B,C1217,Mandalay,Normal,Male,Health and beauty,87.98,4,15.468250000000001,351.92,2019-12-25,10:40,Ewallet,263.94,4.761904762,87.98,6.12,96.0891,21.9588,2019,12,25,Wednesday
273-16-6619,B,C1243,Mandalay,Normal,Male,Health and beauty,33.2,3,15.468250000000001,99.6,2019-05-01,12:20,Credit card,66.4,4.761904762,33.2,5.28,96.0891,21.9588,2019,5,1,Wednesday
636-48-8204,A,C1773,Yangon,Normal,Male,Health and beauty,34.56,5,15.468250000000001,172.8,2019-02-16,11:15,Ewallet,172.8,4.761904762,0.0,9.9,96.1735,16.8409,2019,2,16,Saturday
549-59-1358,A,C1863,Yangon,Member,Male,Health and beauty,88.63,4,17.726,354.52,2019-03-11,17:36,Ewallet,265.89,4.761904762,88.63,6.0,96.1735,16.8409,2019,3,11,Monday
227-03-5010,A,C1657,Yangon,Member,Female,Health and beauty,52.59,11,28.9245,578.49,2019-11-08,19:20,Credit card,420.72,4.761904762,157.77,8.5,96.1735,16.8409,2019,11,8,Friday
649-29-6775,B,C1240,Mandalay,Normal,Male,Health and beauty,33.52,1,1.676,33.52,2019-01-19,15:31,Cash,33.52,4.761904762,0.0,8.04,96.0891,21.9588,2019,1,19,Saturday
189-17-4241,A,C1629,Yangon,Normal,Female,Health and beauty,87.67,2,8.767,175.34,2019-09-04,12:17,Credit card,175.34,4.761904762,0.0,7.7,96.1735,16.8409,2019,9,4,Wednesday
145-94-9061,B,C1250,Mandalay,Normal,Female,Health and beauty,88.36,7,30.926,618.52,2019-03-06,19:48,Cash,441.8,4.761904762,176.72,10.0,96.0891,21.9588,2019,3,6,Wednesday
848-62-7243,A,C1764,Yangon,Normal,Female,Health and beauty,24.89,9,11.2005,224.01,2019-06-04,15:36,Cash,224.01,4.761904762,0.0,7.4,96.1735,16.8409,2019,6,4,Tuesday
871-79-8483,B,C1270,Mandalay,Normal,Female,Fashion accessories,94.13,7,32.9455,658.91,2019-08-17,19:39,Credit card,470.65,4.761904762,188.26,5.76,96.0891,21.9588,2019,8,17,Saturday
640-49-2076,B,C1212,Mandalay,Normal,Female,Sports and travel,83.78,11,46.079,921.58,2019-06-15,14:49,Cash,670.24,4.761904762,251.34,6.12,96.0891,21.9588,2019,6,15,Saturday
595-11-5460,A,C1773,Yangon,Normal,Female,Health and beauty,96.58,2,9.658,193.16,2019-09-28,10:12,Credit card,193.16,4.761904762,0.0,5.1,96.1735,16.8409,2019,9,28,Saturday
183-56-6882,C,C1396,Naypyitaw,Normal,Female,Food and beverages,99.42,5,15.468250000000001,497.1,2019-05-09,10:42,Ewallet,397.68,4.761904762,99.42,7.875,96.0785,19.7633,2019,5,9,Thursday
232-16-2483,C,C1448,Naypyitaw,Normal,Female,Sports and travel,68.12,1,15.468250000000001,68.12,2019-07-12,12:28,Ewallet,68.12,4.761904762,0.0,7.14,96.0785,19.7633,2019,7,12,Friday
129-29-8530,A,C1882,Yangon,Normal,Female,Sports and travel,62.62,5,15.468250000000001,313.1,2019-05-08,19:15,Ewallet,313.1,4.761904762,0.0,7.0,96.1735,16.8409,2019,5,8,Wednesday
272-65-1806,A,C1770,Yangon,Normal,Female,Electronic accessories,60.88,9,15.468250000000001,547.92,2019-09-17,17:17,Ewallet,547.92,4.761904762,0.0,4.7,96.1735,16.8409,2019,9,17,Tuesday
333-73-7901,C,C1329,Naypyitaw,Normal,Female,Health and beauty,54.92,10,27.46,549.2,2019-10-27,13:24,Ewallet,439.36,4.761904762,109.84,7.98,96.0785,19.7633,2019,10,27,Sunday
777-82-7220,B,C1218,Mandalay,Normal,Female,Home and lifestyle,30.12,11,16.566,331.32,2019-10-14,13:01,Cash,240.96,4.761904762,90.36,9.24,96.0891,21.9588,2019,10,14,Monday
280-35-5823,B,C1201,Mandalay,Normal,Female,Home and lifestyle,86.72,1,4.336,86.72,2019-02-08,18:45,Ewallet,86.72,4.761904762,0.0,9.48,96.0891,21.9588,2019,2,8,Friday
554-53-8700,C,C1357,Naypyitaw,Normal,Male,Home and lifestyle,56.11,2,5.611,112.22,2019-08-31,10:11,Cash,112.22,4.761904762,0.0,6.615,96.0785,19.7633,2019,8,31,Saturday
354-25-5821,B,C1274,Mandalay,Normal,Female,Sports and travel,69.12,8,27.648,552.96,2019-04-28,13:03,Cash,414.72,4.761904762,138.24,6.72,96.0891,21.9588,2019,4,28,Sunday
228-96-1411,C,C1312,Naypyitaw,Normal,Female,Food and beverages,98.7,10,49.35,987.0,2019-02-22,20:39,Cash,789.6,4.761904762,197.4,7.98,96.0785,19.7633,2019,2,22,Friday
617-15-4209,C,C1470,Naypyitaw,Normal,Male,Health and beauty,15.37,2,1.537,30.74,2019-10-07,19:47,Cash,30.74,4.761904762,0.0,7.56,96.0785,19.7633,2019,10,7,Monday
132-32-9879,B,C1221,Mandalay,Normal,Female,Health and beauty,93.96,6,28.188,563.76,2019-01-11,18:00,Cash,375.84,4.761904762,187.92,10.0,96.0891,21.9588,2019,1,11,Friday
370-41-7321,B,C1201,Mandalay,Normal,Male,Health and beauty,56.69,13,36.8485,736.97,2019-02-25,17:24,Credit card,510.21,4.761904762,226.76,10.0,96.0891,21.9588,2019,2,25,Monday
727-46-3608,B,C1235,Mandalay,Normal,Female,Health and beauty,20.01,13,13.0065,260.13,2019-02-07,15:47,Ewallet,180.09,4.761904762,80.04,4.92,96.0891,21.9588,2019,2,7,Thursday
669-54-1719,B,C1202,Mandalay,Normal,Male,Health and beauty,18.93,8,7.572,151.44,2019-10-16,12:45,Credit card,113.58,4.761904762,37.86,9.72,96.0891,21.9588,2019,10,16,Wednesday
574-22-5561,C,C1352,Naypyitaw,Normal,Female,Health and beauty,82.63,12,49.578,991.56,2019-06-03,17:08,Ewallet,826.3,4.761904762,165.26,8.295,96.0785,19.7633,2019,6,3,Monday
326-78-5178,C,C1453,Naypyitaw,Normal,Male,Food and beverages,91.4,8,36.56,731.2,2019-04-04,10:19,Cash,639.8,4.761904762,91.4,9.975,96.0785,19.7633,2019,4,4,Thursday
162-48-8011,A,C1629,Yangon,Normal,Female,Food and beverages,44.59,5,11.1475,222.95,2019-09-28,15:10,Cash,222.95,4.761904762,0.0,8.5,96.1735,16.8409,2019,9,28,Saturday
616-24-2851,B,C1290,Mandalay,Normal,Female,Fashion accessories,17.87,6,5.361,107.22,2019-12-30,14:42,Ewallet,71.48,4.761904762,35.74,7.8,96.0891,21.9588,2019,12,30,Monday
778-71-5554,C,C1401,Naypyitaw,Normal,Male,Fashion accessories,15.43,1,0.7715,15.43,2019-09-15,15:46,Credit card,15.43,4.761904762,0.0,6.405,96.0785,19.7633,2019,9,15,Sunday
242-55-6721,B,C1236,Mandalay,Normal,Male,Home and lifestyle,16.16,3,2.424,48.48,2019-04-30,11:49,Ewallet,32.32,4.761904762,16.16,7.8,96.0891,21.9588,2019,4,30,Tuesday
399-46-5918,C,C1491,Naypyitaw,Normal,Female,Electronic accessories,85.98,10,42.99,859.8,2019-02-19,19:01,Cash,687.84,4.761904762,171.96,8.61,96.0785,19.7633,2019,2,19,Tuesday
106-35-6779,A,C1882,Yangon,Normal,Male,Home and lifestyle,44.34,2,4.434,88.68,2019-01-14,11:26,Ewallet,88.68,4.761904762,0.0,7.455,96.1735,16.8409,2019,1,14,Monday
635-40-6220,A,C1720,Yangon,Normal,Male,Health and beauty,89.6,8,35.84,716.8,2019-06-29,11:28,Ewallet,716.8,4.761904762,0.0,7.455,96.1735,16.8409,2019,6,29,Saturday
817-48-8732,A,C1760,Yangon,Member,Female,Home and lifestyle,72.35,14,50.645,1012.9,2019-01-28,15:55,Ewallet,723.5,4.761904762,289.4,7.455,96.1735,16.8409,2019,1,28,Monday
120-06-4233,C,C1365,Naypyitaw,Normal,Male,Electronic accessories,30.61,7,10.7135,214.27,2019-05-07,20:36,Ewallet,183.66,4.761904762,30.61,7.455,96.0785,19.7633,2019,5,7,Tuesday
285-68-5083,C,C1409,Naypyitaw,Normal,Female,Sports and travel,24.74,4,4.948,98.96,2019-11-19,17:47,Ewallet,74.22,4.761904762,24.74,7.455,96.0785,19.7633,2019,11,19,Tuesday
803-83-5989,C,C1301,Naypyitaw,Normal,Male,Home and lifestyle,55.73,7,15.468250000000001,390.11,2019-09-25,10:55,Ewallet,334.38,4.761904762,55.73,7.455,96.0785,19.7633,2019,9,25,Wednesday
347-34-2234,B,C1201,Mandalay,Normal,Female,Sports and travel,55.07,13,35.7955,715.91,2019-12-09,13:40,Ewallet,495.63,4.761904762,220.28,7.455,96.0891,21.9588,2019,12,9,Monday
199-75-8169,A,C1810,Yangon,Normal,Male,Sports and travel,15.81,10,7.905,158.1,2019-03-22,12:27,Ewallet,158.1,4.761904762,0.0,7.455,96.1735,16.8409,2019,3,22,Friday
853-23-2453,B,C1217,Mandalay,Normal,Male,Health and beauty,75.74,6,22.722,454.44,2019-10-04,14:35,Ewallet,302.96,4.761904762,151.48,7.455,96.0891,21.9588,2019,10,4,Friday
877-22-3308,A,C1846,Yangon,Normal,Male,Health and beauty,15.87,10,7.935,158.7,2019-06-19,16:40,Ewallet,158.7,4.761904762,0.0,7.455,96.1735,16.8409,2019,6,19,Wednesday
838-78-4295,C,C1472,Naypyitaw,Normal,Female,Health and beauty,33.47,2,3.347,66.94,2019-09-19,15:43,Ewallet,66.94,4.761904762,0.0,7.455,96.0785,19.7633,2019,9,19,Thursday
109-28-2512,B,C1277,Mandalay,Normal,Female,Fashion accessories,97.61,8,39.044,780.88,2019-02-09,15:01,Ewallet,585.66,4.761904762,195.22,7.455,96.0891,21.9588,2019,2,9,Saturday
232-11-3025,A,C1747,Yangon,Normal,Male,Sports and travel,78.77,10,39.385,787.7,2019-02-27,10:04,Cash,787.7,4.761904762,0.0,7.455,96.1735,16.8409,2019,2,27,Wednesday
382-03-4532,A,C1760,Yangon,Normal,Female,Health and beauty,18.33,1,0.9165,18.33,2019-03-21,18:50,Cash,18.33,4.761904762,0.0,7.455,96.1735,16.8409,2019,3,21,Thursday
393-65-2792,C,C1329,Naypyitaw,Normal,Male,Food and beverages,89.48,12,53.688,1073.76,2019-06-02,12:46,Credit card,894.8,4.761904762,178.96,10.0,96.0785,19.7633,2019,6,2,Sunday
796-12-2025,C,C1368,Naypyitaw,Normal,Male,Fashion accessories,62.12,12,37.272,745.44,2019-07-22,16:19,Cash,621.2,4.761904762,124.24,6.195,96.0785,19.7633,2019,7,22,Monday
510-95-6347,B,C1262,Mandalay,Normal,Female,Food and beverages,48.52,4,9.704,194.08,2019-12-17,18:17,Ewallet,145.56,4.761904762,48.52,4.8,96.0891,21.9588,2019,12,17,Tuesday
841-35-6630,C,C1302,Naypyitaw,Normal,Female,Electronic accessories,75.91,7,26.5685,531.37,2019-11-08,18:21,Cash,455.46,4.761904762,75.91,9.135,96.0785,19.7633,2019,11,8,Friday
287-21-9091,A,C1894,Yangon,Normal,Male,Home and lifestyle,74.67,9,33.6015,672.03,2019-03-31,10:55,Ewallet,672.03,4.761904762,0.0,9.4,96.1735,16.8409,2019,3,31,Sunday
732-94-0499,C,C1477,Naypyitaw,Normal,Female,Electronic accessories,41.65,12,24.99,499.8,2019-12-12,17:04,Credit card,416.5,4.761904762,83.3,5.67,96.0785,19.7633,2019,12,12,Thursday
263-10-3913,C,C1380,Naypyitaw,Normal,Male,Fashion accessories,49.04,11,26.972,539.44,2019-08-12,14:20,Credit card,441.36,4.761904762,98.08,9.03,96.0785,19.7633,2019,8,12,Monday
381-20-0914,A,C1775,Yangon,Normal,Female,Fashion accessories,20.01,9,9.0045,180.09,2019-12-05,15:48,Credit card,180.09,4.761904762,0.0,5.7,96.1735,16.8409,2019,12,5,Thursday
829-49-1914,C,C1470,Naypyitaw,Normal,Female,Food and beverages,78.31,12,15.468250000000001,939.72,2019-06-28,16:24,Ewallet,783.1,4.761904762,156.62,6.93,96.0785,19.7633,2019,6,28,Friday
756-01-7507,C,C1434,Naypyitaw,Normal,Female,Health and beauty,20.38,6,15.468250000000001,122.28,2019-11-10,18:56,Cash,101.9,4.761904762,20.38,6.3,96.0785,19.7633,2019,11,10,Sunday
870-72-4431,C,C1484,Naypyitaw,Normal,Female,Health and beauty,99.19,7,15.468250000000001,694.33,2019-03-13,14:42,Credit card,595.14,4.761904762,99.19,5.775,96.0785,19.7633,2019,3,13,Wednesday
847-38-7188,B,C1285,Mandalay,Normal,Female,Food and beverages,96.68,4,15.468250000000001,386.72,2019-10-28,19:56,Ewallet,290.04,4.761904762,96.68,7.68,96.0891,21.9588,2019,10,28,Monday
480-63-2856,C,C1471,Naypyitaw,Normal,Male,Food and beverages,19.25,10,15.468250000000001,192.5,2019-05-27,18:37,Ewallet,154.0,4.761904762,38.5,6.93,96.0785,19.7633,2019,5,27,Monday
787-56-0757,C,C1419,Naypyitaw,Normal,Female,Health and beauty,80.36,5,15.468250000000001,401.8,2019-05-10,18:45,Credit card,321.44,4.761904762,80.36,8.715,96.0785,19.7633,2019,5,10,Friday
360-39-5055,C,C1345,Naypyitaw,Normal,Male,Health and beauty,48.91,6,15.468250000000001,293.46,2019-06-28,10:17,Cash,244.55,4.761904762,48.91,6.93,96.0785,19.7633,2019,6,28,Friday
730-50-9884,C,C1440,Naypyitaw,Normal,Female,Health and beauty,83.06,8,15.468250000000001,664.48,2019-05-22,14:31,Ewallet,581.42,4.761904762,83.06,4.2,96.0785,19.7633,2019,5,22,Wednesday
362-58-8315,C,C1313,Naypyitaw,Normal,Male,Health and beauty,76.52,6,15.468250000000001,459.12,2019-03-11,10:23,Cash,382.6,4.761904762,76.52,10.0,96.0785,19.7633,2019,3,11,Monday
633-44-8566,A,C1785,Yangon,Member,Male,Health and beauty,49.38,10,15.468250000000001,493.8,2019-12-03,20:35,Credit card,345.66,4.761904762,148.14,7.3,96.1735,16.8409,2019,12,3,Tuesday
504-35-8843,A,C1815,Yangon,Normal,Male,Health and beauty,42.47,1,15.468250000000001,42.47,2019-08-31,16:57,Cash,42.47,4.761904762,0.0,5.7,96.1735,16.8409,2019,8,31,Saturday
318-68-5053,B,C1299,Mandalay,Normal,Female,Health and beauty,76.99,8,15.468250000000001,615.92,2019-04-24,17:55,Cash,461.94,4.761904762,153.98,7.32,96.0891,21.9588,2019,4,24,Wednesday
565-80-5980,C,C1407,Naypyitaw,Member,Female,Home and lifestyle,47.38,7,15.468250000000001,331.66,2019-02-02,10:25,Cash,189.52,4.761904762,142.14,7.455,96.0785,19.7633,2019,2,2,Saturday
225-32-0908,C,C1362,Naypyitaw,Normal,Female,Sports and travel,44.86,12,15.468250000000001,538.32,2019-12-15,19:54,Ewallet,448.6,4.761904762,89.72,8.61,96.0785,19.7633,2019,12,15,Sunday
873-51-0671,A,C1898,Yangon,Member,Female,Sports and travel,21.98,10,15.468250000000001,219.8,2019-04-19,16:42,Ewallet,153.86,4.761904762,65.94,5.1,96.1735,16.8409,2019,4,19,Friday
152-08-9985,B,C1232,Mandalay,Member,Male,Health and beauty,64.36,18,15.468250000000001,1158.48,2019-10-02,12:09,Credit card,579.24,4.761904762,579.24,10.0,96.0891,21.9588,2019,10,2,Wednesday
512-91-0811,C,C1303,Naypyitaw,Normal,Male,Health and beauty,89.75,1,15.468250000000001,89.75,2019-02-02,20:05,Credit card,89.75,4.761904762,0.0,6.93,96.0785,19.7633,2019,2,2,Saturday
594-34-4444,A,C1787,Yangon,Normal,Male,Electronic accessories,97.16,1,15.468250000000001,97.16,2019-06-04,20:38,Ewallet,97.16,4.761904762,0.0,7.2,96.1735,16.8409,2019,6,4,Tuesday
766-85-7061,B,C1205,Mandalay,Normal,Male,Health and beauty,87.87,14,15.468250000000001,1230.18,2019-05-02,10:25,Ewallet,878.7,4.761904762,351.48,6.12,96.0891,21.9588,2019,5,2,Thursday
871-39-9221,C,C1398,Naypyitaw,Normal,Female,Electronic accessories,12.45,7,15.468250000000001,87.15,2019-04-02,13:11,Cash,74.7,4.761904762,12.45,4.305,96.0785,19.7633,2019,4,2,Tuesday
865-92-6136,A,C1623,Yangon,Normal,Male,Food and beverages,52.75,3,15.468250000000001,158.25,2019-03-11,10:16,Ewallet,158.25,4.761904762,0.0,9.3,96.1735,16.8409,2019,3,11,Monday
733-01-9107,B,C1259,Mandalay,Normal,Male,Home and lifestyle,82.7,8,15.468250000000001,661.6,2019-06-20,18:14,Cash,496.2,4.761904762,165.4,8.88,96.0891,21.9588,2019,6,20,Thursday
163-56-7055,C,C1353,Naypyitaw,Member,Male,Fashion accessories,48.71,1,15.468250000000001,48.71,2019-11-06,19:20,Cash,48.71,4.761904762,0.0,4.305,96.0785,19.7633,2019,11,6,Wednesday
189-98-2939,C,C1310,Naypyitaw,Normal,Male,Fashion accessories,78.55,11,43.2025,864.05,2019-12-13,13:22,Cash,706.95,4.761904762,157.1,7.56,96.0785,19.7633,2019,12,13,Friday
551-21-3069,C,C1412,Naypyitaw,Normal,Female,Electronic accessories,23.07,11,12.6885,253.77,2019-07-19,11:27,Cash,207.63,4.761904762,46.14,5.145,96.0785,19.7633,2019,7,19,Friday
212-62-1842,A,C1698,Yangon,Normal,Male,Food and beverages,58.26,6,17.478,349.56,2019-05-23,16:44,Cash,349.56,4.761904762,0.0,9.9,96.1735,16.8409,2019,5,23,Thursday
716-39-1409,B,C1262,Mandalay,Normal,Male,Health and beauty,30.35,10,15.175,303.5,2019-04-20,18:19,Cash,212.45,4.761904762,91.05,9.6,96.0891,21.9588,2019,4,20,Saturday
704-48-3927,A,C1633,Yangon,Member,Male,Electronic accessories,88.67,14,62.069,1241.38,2019-12-19,14:50,Ewallet,886.7,4.761904762,354.68,7.3,96.1735,16.8409,2019,12,19,Thursday
628-34-3388,C,C1401,Naypyitaw,Normal,Female,Fashion accessories,27.38,7,9.583,191.66,2019-12-10,20:54,Credit card,164.28,4.761904762,27.38,8.295,96.0785,19.7633,2019,12,10,Tuesday
630-74-5166,A,C1822,Yangon,Normal,Female,Sports and travel,62.13,6,18.639,372.78,2019-12-30,20:19,Cash,372.78,4.761904762,0.0,7.4,96.1735,16.8409,2019,12,30,Monday
588-01-7461,C,C1333,Naypyitaw,Normal,Female,Food and beverages,33.98,11,18.689,373.78,2019-03-27,10:43,Cash,305.82,4.761904762,67.96,4.41,96.0785,19.7633,2019,3,27,Wednesday
479-26-8945,B,C1270,Mandalay,Member,Female,Sports and travel,16.49,4,3.298,65.96,2019-09-15,11:32,Ewallet,32.98,4.761904762,32.98,7.455,96.0891,21.9588,2019,9,15,Sunday
210-67-5886,C,C1334,Naypyitaw,Member,Female,Health and beauty,98.21,6,29.463,589.26,2019-10-25,10:41,Credit card,294.63,4.761904762,294.63,7.455,96.0785,19.7633,2019,10,25,Friday
227-78-1148,B,C1220,Mandalay,Normal,Female,Fashion accessories,72.84,10,36.42,728.4,2019-07-16,12:44,Cash,509.88,4.761904762,218.52,7.455,96.0891,21.9588,2019,7,16,Tuesday
645-44-1170,A,C1640,Yangon,Member,Male,Home and lifestyle,58.07,13,37.7455,754.91,2019-10-27,20:07,Ewallet,522.63,4.761904762,232.28,7.455,96.1735,16.8409,2019,10,27,Sunday
237-01-6122,C,C1395,Naypyitaw,Member,Female,Home and lifestyle,80.79,15,60.5925,1211.85,2019-09-01,20:31,Credit card,727.11,4.761904762,484.74,7.455,96.0785,19.7633,2019,9,1,Sunday
225-98-1496,C,C1350,Naypyitaw,Normal,Female,Health and beauty,27.02,4,5.404,108.08,2019-08-11,13:01,Credit card,81.06,4.761904762,27.02,7.455,96.0785,19.7633,2019,8,11,Sunday
291-32-1427,B,C1223,Mandalay,Member,Male,Health and beauty,21.94,10,10.97,219.4,2019-12-03,12:29,Ewallet,109.7,4.761904762,109.7,7.455,96.0891,21.9588,2019,12,3,Tuesday
659-65-8956,B,C1279,Mandalay,Member,Male,Health and beauty,51.36,1,2.568,51.36,2019-02-22,15:26,Ewallet,51.36,4.761904762,0.0,7.455,96.0891,21.9588,2019,2,22,Friday
642-32-2990,A,C1619,Yangon,Normal,Female,Health and beauty,10.96,10,5.48,109.6,2019-07-12,20:48,Ewallet,109.6,4.761904762,0.0,7.455,96.1735,16.8409,2019,7,12,Friday
378-24-2715,B,C1262,Mandalay,Normal,Male,Home and lifestyle,53.44,3,8.016,160.32,2019-04-27,20:38,Ewallet,106.88,4.761904762,53.44,7.455,96.0891,21.9588,2019,4,27,Saturday
638-60-7125,A,C1706,Yangon,Normal,Female,Electronic accessories,99.56,8,39.824,796.48,2019-04-02,17:03,Credit card,796.48,4.761904762,0.0,7.455,96.1735,16.8409,2019,4,2,Tuesday
659-36-1684,C,C1453,Naypyitaw,Normal,Male,Sports and travel,57.12,8,22.848,456.96,2019-12-24,12:02,Credit card,399.84,4.761904762,57.12,7.455,96.0785,19.7633,2019,12,24,Tuesday
336-78-2147,C,C1417,Naypyitaw,Normal,Male,Home and lifestyle,63.91,10,31.955,639.1,2019-09-16,19:52,Credit card,511.28,4.761904762,127.82,7.455,96.0785,19.7633,2019,9,16,Monday
268-27-6179,B,C1264,Mandalay,Normal,Female,Fashion accessories,56.47,11,15.468250000000001,621.17,2019-06-11,14:57,Ewallet,451.76,4.761904762,169.41,7.455,96.0891,21.9588,2019,6,11,Tuesday
668-90-8900,A,C1846,Yangon,Normal,Female,Home and lifestyle,93.69,7,15.468250000000001,655.83,2019-03-25,18:44,Credit card,655.83,4.761904762,0.0,7.455,96.1735,16.8409,2019,3,25,Monday
870-54-3162,A,C1627,Yangon,Normal,Female,Sports and travel,32.25,5,15.468250000000001,161.25,2019-11-29,13:26,Cash,161.25,4.761904762,0.0,9.0,96.1735,16.8409,2019,11,29,Friday
189-08-9157,C,C1454,Naypyitaw,Normal,Female,Fashion accessories,31.73,11,15.468250000000001,349.03,2019-05-04,16:17,Credit card,285.57,4.761904762,63.46,6.195,96.0785,19.7633,2019,5,4,Saturday
663-86-9076,C,C1456,Naypyitaw,Normal,Female,Food and beverages,68.54,10,15.468250000000001,685.4,2019-06-12,15:57,Ewallet,548.32,4.761904762,137.08,8.925,96.0785,19.7633,2019,6,12,Wednesday
549-84-7482,B,C1252,Mandalay,Normal,Female,Sports and travel,90.28,13,15.468250000000001,1173.64,2019-03-31,11:15,Ewallet,812.52,4.761904762,361.12,8.64,96.0891,21.9588,2019,3,31,Sunday
191-10-6171,B,C1247,Mandalay,Normal,Female,Fashion accessories,39.62,10,15.468250000000001,396.2,2019-04-04,13:18,Ewallet,277.34,4.761904762,118.86,9.0,96.0891,21.9588,2019,4,4,Thursday
802-70-5316,A,C1742,Yangon,Normal,Female,Sports and travel,92.13,6,15.468250000000001,552.78,2019-08-13,20:34,Ewallet,552.78,4.761904762,0.0,8.3,96.1735,16.8409,2019,8,13,Tuesday
695-51-0018,B,C1222,Mandalay,Normal,Female,Sports and travel,34.84,6,15.468250000000001,209.04,2019-01-11,18:36,Ewallet,139.36,4.761904762,69.68,8.88,96.0891,21.9588,2019,1,11,Friday
590-83-4591,B,C1258,Mandalay,Normal,Male,Electronic accessories,87.45,8,15.468250000000001,699.6,2019-02-25,14:40,Ewallet,524.7,4.761904762,174.9,10.0,96.0891,21.9588,2019,2,25,Monday
483-71-1164,C,C1340,Naypyitaw,Normal,Female,Health and beauty,81.3,7,15.468250000000001,569.1,2019-10-23,16:43,Ewallet,487.8,4.761904762,81.3,5.565,96.0785,19.7633,2019,10,23,Wednesday
597-78-7908,C,C1300,Naypyitaw,Normal,Male,Fashion accessories,90.22,4,15.468250000000001,360.88,2019-06-26,19:39,Ewallet,270.66,4.761904762,90.22,6.51,96.0785,19.7633,2019,6,26,Wednesday
700-81-1757,A,C1815,Yangon,Normal,Female,Electronic accessories,26.31,5,15.468250000000001,131.55,2019-01-22,20:59,Ewallet,131.55,4.761904762,0.0,8.8,96.1735,16.8409,2019,1,22,Tuesday
354-39-5160,A,C1632,Yangon,Normal,Female,Home and lifestyle,34.42,6,15.468250000000001,206.52,2019-02-14,15:39,Ewallet,206.52,4.761904762,0.0,9.8,96.1735,16.8409,2019,2,14,Thursday
241-72-9525,B,C1260,Mandalay,Normal,Male,Sports and travel,51.91,14,15.468250000000001,726.74,2019-01-11,12:21,Cash,519.1,4.761904762,207.64,9.84,96.0891,21.9588,2019,1,11,Friday
575-30-8091,A,C1706,Yangon,Normal,Male,Sports and travel,72.5,8,29.0,580.0,2019-04-21,19:25,Ewallet,580.0,4.761904762,0.0,9.2,96.1735,16.8409,2019,4,21,Sunday
731-81-9469,C,C1331,Naypyitaw,Normal,Female,Sports and travel,89.8,12,53.88,1077.6,2019-02-28,13:00,Credit card,898.0,4.761904762,179.6,5.67,96.0785,19.7633,2019,2,28,Thursday
280-17-4359,C,C1492,Naypyitaw,Normal,Male,Health and beauty,90.5,12,54.3,1086.0,2019-08-27,13:48,Cash,905.0,4.761904762,181.0,8.505,96.0785,19.7633,2019,8,27,Tuesday
338-65-2210,C,C1421,Naypyitaw,Normal,Female,Health and beauty,68.6,12,41.16,823.2,2019-11-23,19:57,Cash,686.0,4.761904762,137.2,9.555,96.0785,19.7633,2019,11,23,Saturday
488-25-4221,C,C1414,Naypyitaw,Member,Female,Food and beverages,30.41,1,1.5205,30.41,2019-08-16,10:36,Credit card,30.41,4.761904762,0.0,8.82,96.0785,19.7633,2019,8,16,Friday
239-10-7476,A,C1860,Yangon,Normal,Female,Home and lifestyle,77.95,6,23.385,467.7,2019-11-27,16:37,Ewallet,467.7,4.761904762,0.0,8.0,96.1735,16.8409,2019,11,27,Wednesday
458-41-1477,C,C1364,Naypyitaw,Normal,Female,Health and beauty,46.26,7,16.191,323.82,2019-02-19,17:11,Credit card,277.56,4.761904762,46.26,9.975,96.0785,19.7633,2019,2,19,Tuesday
685-64-1609,A,C1732,Yangon,Member,Female,Fashion accessories,30.14,14,21.098,421.96,2019-05-04,12:28,Ewallet,301.4,4.761904762,120.56,9.2,96.1735,16.8409,2019,5,4,Saturday
568-90-5112,C,C1489,Naypyitaw,Normal,Male,Health and beauty,66.14,5,16.535,330.7,2019-04-12,12:46,Credit card,264.56,4.761904762,66.14,5.88,96.0785,19.7633,2019,4,12,Friday
262-47-2794,B,C1299,Mandalay,Member,Male,Home and lifestyle,71.86,15,53.895,1077.9,2019-01-05,15:07,Credit card,574.88,4.761904762,503.02,7.44,96.0891,21.9588,2019,1,5,Saturday
238-49-0436,A,C1736,Yangon,Normal,Male,Health and beauty,32.46,8,12.984,259.68,2019-01-12,13:48,Credit card,259.68,4.761904762,0.0,4.9,96.1735,16.8409,2019,1,12,Saturday
608-96-3517,B,C1296,Mandalay,Member,Female,Health and beauty,91.54,8,15.468250000000001,732.32,2019-07-22,19:20,Credit card,366.16,4.761904762,366.16,5.76,96.0891,21.9588,2019,7,22,Monday
584-86-7256,C,C1391,Naypyitaw,Member,Male,Health and beauty,34.56,11,15.468250000000001,380.16,2019-08-26,16:07,Credit card,241.92,4.761904762,138.24,7.665,96.0785,19.7633,2019,8,26,Monday
746-94-0204,A,C1894,Yangon,Normal,Male,Health and beauty,83.24,9,15.468250000000001,749.16,2019-01-25,11:56,Credit card,749.16,4.761904762,0.0,7.4,96.1735,16.8409,2019,1,25,Friday
214-17-6927,C,C1403,Naypyitaw,Normal,Female,Health and beauty,16.48,7,15.468250000000001,115.36,2019-10-10,18:23,Ewallet,98.88,4.761904762,16.48,10.0,96.0785,19.7633,2019,10,10,Thursday
400-89-4171,C,C1334,Naypyitaw,Normal,Female,Health and beauty,80.97,10,15.468250000000001,809.7,2019-12-27,13:05,Cash,647.76,4.761904762,161.94,9.765,96.0785,19.7633,2019,12,27,Friday
782-95-9291,A,C1647,Yangon,Member,Male,Health and beauty,92.29,7,15.468250000000001,646.03,2019-12-31,15:55,Credit card,461.45,4.761904762,184.58,9.0,96.1735,16.8409,2019,12,31,Tuesday
279-74-2924,B,C1291,Mandalay,Member,Male,Health and beauty,72.17,1,15.468250000000001,72.17,2019-11-21,19:40,Cash,72.17,4.761904762,0.0,7.32,96.0891,21.9588,2019,11,21,Thursday
307-85-2293,B,C1202,Mandalay,Normal,Male,Health and beauty,50.28,7,15.468250000000001,351.96,2019-11-09,13:58,Ewallet,251.4,4.761904762,100.56,10.0,96.0891,21.9588,2019,11,9,Saturday
423-57-2993,B,C1216,Mandalay,Normal,Male,Health and beauty,93.39,8,37.356,747.12,2019-08-27,19:18,Ewallet,560.34,4.761904762,186.78,10.0,96.0891,21.9588,2019,8,27,Tuesday
894-41-5205,C,C1416,Naypyitaw,Normal,Female,Health and beauty,43.18,10,21.59,431.8,2019-04-23,19:39,Credit card,345.44,4.761904762,86.36,8.715,96.0785,19.7633,2019,4,23,Tuesday
275-28-0149,A,C1722,Yangon,Normal,Male,Health and beauty,63.69,1,3.1845,63.69,2019-06-26,16:21,Cash,63.69,4.761904762,0.0,6.0,96.1735,16.8409,2019,6,26,Wednesday
101-17-6199,A,C1665,Yangon,Normal,Male,Health and beauty,45.79,7,16.0265,320.53,2019-01-27,19:44,Credit card,320.53,4.761904762,0.0,7.0,96.1735,16.8409,2019,1,27,Sunday
423-80-0988,C,C1427,Naypyitaw,Normal,Male,Health and beauty,76.4,2,7.64,152.8,2019-04-04,19:42,Ewallet,152.8,4.761904762,0.0,6.825,96.0785,19.7633,2019,4,4,Thursday
548-46-9322,B,C1244,Mandalay,Normal,Male,Health and beauty,39.9,14,27.93,558.6,2019-06-18,15:24,Credit card,399.0,4.761904762,159.6,7.08,96.0891,21.9588,2019,6,18,Tuesday
505-02-0892,B,C1237,Mandalay,Member,Male,Health and beauty,42.57,15,31.9275,638.55,2019-06-06,14:12,Ewallet,340.56,4.761904762,297.99,6.72,96.0891,21.9588,2019,6,6,Thursday
234-65-2137,C,C1315,Naypyitaw,Normal,Male,Health and beauty,95.58,12,57.348,1146.96,2019-01-06,13:32,Cash,955.8,4.761904762,191.16,5.04,96.0785,19.7633,2019,1,6,Sunday
687-47-8271,A,C1681,Yangon,Normal,Male,Health and beauty,98.98,10,49.49,989.8,2019-04-23,16:20,Credit card,989.8,4.761904762,0.0,8.7,96.1735,16.8409,2019,4,23,Tuesday
796-32-9050,A,C1626,Yangon,Normal,Male,Health and beauty,51.28,6,15.384,307.68,2019-07-10,16:31,Cash,307.68,4.761904762,0.0,6.5,96.1735,16.8409,2019,7,10,Wednesday
105-31-1824,A,C1626,Yangon,Member,Male,Health and beauty,69.52,10,34.76,695.2,2019-12-08,15:10,Credit card,486.64,4.761904762,208.56,8.5,96.1735,16.8409,2019,12,8,Sunday
249-42-3782,A,C1673,Yangon,Normal,Male,Health and beauty,70.01,5,17.5025,350.05,2019-11-16,11:36,Ewallet,350.05,4.761904762,0.0,5.5,96.1735,16.8409,2019,11,16,Saturday
316-55-4634,B,C1276,Mandalay,Member,Male,Health and beauty,80.05,10,40.025,800.5,2019-02-24,12:45,Credit card,400.25,4.761904762,400.25,10.0,96.0891,21.9588,2019,2,24,Sunday
733-33-4967,C,C1449,Naypyitaw,Normal,Male,Health and beauty,20.85,10,10.425,208.5,2019-01-25,19:17,Cash,166.8,4.761904762,41.7,6.615,96.0785,19.7633,2019,1,25,Friday
608-27-6295,B,C1217,Mandalay,Normal,Male,Health and beauty,52.89,8,21.156,423.12,2019-01-27,17:34,Credit card,317.34,4.761904762,105.78,10.0,96.0891,21.9588,2019,1,27,Sunday
414-12-7047,B,C1283,Mandalay,Normal,Male,Health and beauty,19.79,11,10.8845,217.69,2019-06-20,12:04,Ewallet,158.32,4.761904762,59.37,10.0,96.0891,21.9588,2019,6,20,Thursday
827-26-2100,A,C1761,Yangon,Normal,Male,Health and beauty,33.84,9,15.468250000000001,304.56,2019-03-06,16:21,Ewallet,304.56,4.761904762,0.0,8.8,96.1735,16.8409,2019,3,6,Wednesday
175-54-2529,A,C1878,Yangon,Normal,Male,Health and beauty,22.17,8,15.468250000000001,177.36,2019-06-09,17:01,Credit card,177.36,4.761904762,0.0,9.6,96.1735,16.8409,2019,6,9,Sunday
139-52-2867,C,C1372,Naypyitaw,Normal,Female,Health and beauty,22.51,8,15.468250000000001,180.08,2019-10-04,10:50,Credit card,157.57,4.761904762,22.51,5.04,96.0785,19.7633,2019,10,4,Friday
407-63-8975,A,C1631,Yangon,Normal,Male,Health and beauty,73.88,6,15.468250000000001,443.28,2019-05-24,19:16,Ewallet,443.28,4.761904762,0.0,4.4,96.1735,16.8409,2019,5,24,Friday
342-65-4817,A,C1311,Naypyitaw,Normal,Male,Health and beauty,86.8,4,15.468250000000001,347.2,2019-10-18,16:47,Ewallet,260.4,4.761904762,86.8,7.455,96.0785,19.7633,2019,10,18,Friday
130-98-8941,A,C1380,Naypyitaw,Normal,Female,Health and beauty,64.26,8,15.468250000000001,514.08,2019-02-02,10:00,Cash,449.82,4.761904762,64.26,7.455,96.0785,19.7633,2019,2,2,Saturday
434-83-9547,A,C1405,Naypyitaw,Normal,Female,Health and beauty,38.47,10,15.468250000000001,384.7,2019-07-12,11:51,Cash,307.76,4.761904762,76.94,7.455,96.0785,19.7633,2019,7,12,Friday
851-28-6367,A,C1712,Yangon,Normal,Female,Health and beauty,15.5,10,15.468250000000001,155.0,2019-07-13,10:55,Ewallet,155.0,4.761904762,0.0,7.455,96.1735,16.8409,2019,7,13,Saturday
824-88-3614,A,C1361,Naypyitaw,Normal,Female,Health and beauty,34.31,10,15.468250000000001,343.1,2019-12-26,15:00,Ewallet,274.48,4.761904762,68.62,7.455,96.0785,19.7633,2019,12,26,Thursday
586-25-0848,A,C1603,Yangon,Normal,Female,Health and beauty,12.34,7,15.468250000000001,86.38,2019-10-08,11:19,Credit card,86.38,4.761904762,0.0,7.455,96.1735,16.8409,2019,10,8,Tuesday
895-66-0685,A,C1225,Mandalay,Normal,Male,Health and beauty,18.08,4,15.468250000000001,72.32,2019-03-18,19:46,Ewallet,54.24,4.761904762,18.08,7.455,96.0891,21.9588,2019,3,18,Monday
305-14-0245,A,C1216,Mandalay,Normal,Female,Health and beauty,94.49,11,15.468250000000001,1039.39,2019-11-22,19:00,Ewallet,755.92,4.761904762,283.47,7.455,96.0891,21.9588,2019,11,22,Friday
732-04-5373,A,C1261,Mandalay,Member,Male,Health and beauty,46.47,8,15.468250000000001,371.76,2019-11-01,10:53,Cash,185.88,4.761904762,185.88,7.455,96.0891,21.9588,2019,11,1,Friday
400-60-7251,A,C1838,Yangon,Normal,Male,Health and beauty,74.07,1,15.468250000000001,74.07,2019-03-12,12:50,Ewallet,74.07,4.761904762,0.0,7.455,96.1735,16.8409,2019,3,12,Tuesday
593-65-1552,C,C1425,Naypyitaw,Normal,Female,Health and beauty,69.81,5,15.468250000000001,349.05,2019-10-15,20:50,Credit card,279.24,4.761904762,69.81,7.455,96.0785,19.7633,2019,10,15,Tuesday
284-34-9626,B,C1250,Mandalay,Normal,Female,Health and beauty,77.04,4,15.408,308.16,2019-12-18,10:39,Credit card,231.12,4.761904762,77.04,8.64,96.0891,21.9588,2019,12,18,Wednesday
437-58-8131,B,C1273,Mandalay,Normal,Female,Health and beauty,73.52,3,11.028,220.56,2019-08-08,13:41,Ewallet,147.04,4.761904762,73.52,5.52,96.0891,21.9588,2019,8,8,Thursday
286-43-6208,C,C1376,Naypyitaw,Normal,Female,Health and beauty,87.8,11,48.29,965.8,2019-10-29,19:08,Cash,790.2,4.761904762,175.6,9.66,96.0785,19.7633,2019,10,29,Tuesday
641-43-2399,B,C1212,Mandalay,Normal,Male,Health and beauty,25.55,6,7.665,153.3,2019-11-04,20:23,Ewallet,102.2,4.761904762,51.1,6.84,96.0891,21.9588,2019,11,4,Monday
831-07-6050,A,C1624,Yangon,Normal,Male,Health and beauty,32.71,5,8.1775,163.55,2019-11-08,11:30,Credit card,163.55,4.761904762,0.0,9.9,96.1735,16.8409,2019,11,8,Friday
556-86-3144,C,C1386,Naypyitaw,Member,Female,Health and beauty,74.29,1,3.7145,74.29,2019-04-23,19:30,Cash,74.29,4.761904762,0.0,5.25,96.0785,19.7633,2019,4,23,Tuesday
848-24-9445,C,C1389,Naypyitaw,Member,Male,Health and beauty,43.7,3,6.555,131.1,2019-11-05,18:03,Cash,87.4,4.761904762,43.7,5.145,96.0785,19.7633,2019,11,5,Tuesday
856-22-8149,A,C1808,Yangon,Normal,Female,Health and beauty,25.29,1,1.2645,25.29,2019-12-30,10:13,Ewallet,25.29,4.761904762,0.0,6.1,96.1735,16.8409,2019,12,30,Monday
699-01-4164,C,C1314,Naypyitaw,Normal,Male,Health and beauty,41.5,5,10.375,207.5,2019-06-21,19:58,Credit card,166.0,4.761904762,41.5,8.61,96.0785,19.7633,2019,6,21,Friday
420-11-4919,C,C1474,Naypyitaw,Normal,Female,Health and beauty,71.39,6,21.417,428.34,2019-02-23,19:57,Credit card,356.95,4.761904762,71.39,5.775,96.0785,19.7633,2019,2,23,Saturday
606-80-4905,C,C1427,Naypyitaw,Normal,Female,Health and beauty,19.15,7,6.7025,134.05,2019-05-14,10:01,Credit card,114.9,4.761904762,19.15,7.14,96.0785,19.7633,2019,5,14,Tuesday
542-41-0513,B,C1222,Mandalay,Normal,Female,Health and beauty,57.49,6,17.247,344.94,2019-11-15,11:57,Cash,229.96,4.761904762,114.98,7.92,96.0891,21.9588,2019,11,15,Friday
426-39-2418,C,C1304,Naypyitaw,Normal,Male,Health and beauty,61.41,8,24.564,491.28,2019-02-15,10:02,Cash,429.87,4.761904762,61.41,10.0,96.0785,19.7633,2019,2,15,Friday
875-46-5808,B,C1216,Mandalay,Member,Male,Health and beauty,25.9,20,25.9,518.0,2019-06-04,14:51,Ewallet,259.0,4.761904762,259.0,10.0,96.0891,21.9588,2019,6,4,Tuesday
394-43-4238,B,C1212,Mandalay,Member,Male,Health and beauty,17.77,10,8.885,177.7,2019-09-05,12:42,Credit card,88.85,4.761904762,88.85,6.48,96.0891,21.9588,2019,9,5,Thursday
749-24-1565,A,C1757,Yangon,Normal,Female,Health and beauty,23.03,9,10.3635,207.27,2019-08-02,12:02,Ewallet,207.27,4.761904762,0.0,7.9,96.1735,16.8409,2019,8,2,Friday
672-51-8681,C,C1320,Naypyitaw,Member,Female,Health and beauty,66.65,15,15.468250000000001,999.75,2019-02-20,18:19,Credit card,599.85,4.761904762,399.9,10.0,96.0785,19.7633,2019,2,20,Wednesday
263-87-5680,C,C1431,Naypyitaw,Member,Female,Health and beauty,28.53,17,15.468250000000001,485.01,2019-01-09,17:38,Ewallet,285.3,4.761904762,199.71,8.19,96.0785,19.7633,2019,1,9,Wednesday
573-58-9734,B,C1235,Mandalay,Normal,Female,Health and beauty,30.37,4,15.468250000000001,121.48,2019-03-07,13:41,Ewallet,91.11,4.761904762,30.37,6.12,96.0891,21.9588,2019,3,7,Thursday
888-02-0338,A,C1647,Yangon,Normal,Male,Health and beauty,26.23,9,15.468250000000001,236.07,2019-03-30,20:24,Ewallet,236.07,4.761904762,0.0,5.9,96.1735,16.8409,2019,3,30,Saturday
677-11-0152,C,C1473,Naypyitaw,Normal,Female,Health and beauty,93.26,11,51.293,1025.86,2019-09-03,18:08,Cash,839.34,4.761904762,186.52,9.24,96.0785,19.7633,2019,9,3,Tuesday
142-63-6033,B,C1281,Mandalay,Normal,Male,Health and beauty,92.36,7,32.326,646.52,2019-08-03,19:17,Ewallet,461.8,4.761904762,184.72,5.88,96.0891,21.9588,2019,8,3,Saturday
656-16-1063,B,C1294,Mandalay,Normal,Male,Health and beauty,46.42,4,9.284,185.68,2019-09-05,13:24,Credit card,139.26,4.761904762,46.42,5.28,96.0891,21.9588,2019,9,5,Thursday
891-58-8335,B,C1282,Mandalay,Member,Female,Health and beauty,29.61,14,20.727,414.54,2019-02-12,15:53,Cash,207.27,4.761904762,207.27,7.8,96.0891,21.9588,2019,2,12,Tuesday
802-43-8934,A,C1654,Yangon,Normal,Male,Health and beauty,18.28,1,0.914,18.28,2019-11-02,15:05,Credit card,18.28,4.761904762,0.0,8.3,96.1735,16.8409,2019,11,2,Saturday
560-30-5617,B,C1283,Mandalay,Normal,Female,Health and beauty,24.77,7,8.6695,173.39,2019-07-30,18:27,Cash,123.85,4.761904762,49.54,10.0,96.0891,21.9588,2019,7,30,Tuesday
319-74-2561,A,C1693,Yangon,Member,Female,Health and beauty,94.64,4,18.928,378.56,2019-10-24,16:55,Cash,283.92,4.761904762,94.64,5.5,96.1735,16.8409,2019,10,24,Thursday
549-03-9315,B,C1287,Mandalay,Normal,Male,Health and beauty,94.87,11,52.1785,1043.57,2019-02-27,12:58,Ewallet,758.96,4.761904762,284.61,10.0,96.0891,21.9588,2019,2,27,Wednesday
790-29-1172,B,C1223,Mandalay,Normal,Female,Health and beauty,57.34,4,11.468,229.36,2019-01-09,18:59,Credit card,172.02,4.761904762,57.34,9.48,96.0891,21.9588,2019,1,9,Wednesday
239-36-3640,B,C1208,Mandalay,Normal,Male,Health and beauty,45.35,8,18.14,362.8,2019-08-03,13:44,Ewallet,272.1,4.761904762,90.7,7.32,96.0891,21.9588,2019,8,3,Saturday
468-01-2051,B,C1221,Mandalay,Normal,Male,Health and beauty,62.08,10,31.04,620.8,2019-09-14,13:46,Ewallet,434.56,4.761904762,186.24,6.48,96.0891,21.9588,2019,9,14,Saturday
389-25-3394,C,C1452,Naypyitaw,Normal,Male,Health and beauty,11.81,6,3.543,70.86,2019-09-26,18:06,Cash,59.05,4.761904762,11.81,9.87,96.0785,19.7633,2019,9,26,Thursday
279-62-1445,C,C1499,Naypyitaw,Member,Female,Health and beauty,12.54,1,0.627,12.54,2019-11-18,12:38,Cash,12.54,4.761904762,0.0,8.61,96.0785,19.7633,2019,11,18,Monday
213-72-6612,A,C1664,Yangon,Normal,Male,Health and beauty,43.25,2,4.325,86.5,2019-07-14,15:56,Cash,86.5,4.761904762,0.0,6.2,96.1735,16.8409,2019,7,14,Sunday
746-68-6593,C,C1497,Naypyitaw,Member,Female,Health and beauty,87.16,3,13.074,261.48,2019-11-16,14:29,Credit card,174.32,4.761904762,87.16,10.0,96.0785,19.7633,2019,11,16,Saturday
836-82-5858,B,C1283,Mandalay,Member,Male,Health and beauty,69.37,18,62.433,1248.66,2019-08-12,19:14,Ewallet,624.33,4.761904762,624.33,4.8,96.0891,21.9588,2019,8,12,Monday
583-72-1480,C,C1393,Naypyitaw,Member,Male,Health and beauty,37.06,7,12.971,259.42,2019-10-16,16:24,Ewallet,148.24,4.761904762,111.18,7.455,96.0785,19.7633,2019,10,16,Wednesday
466-61-5506,B,C1211,Mandalay,Member,Female,Health and beauty,90.7,11,49.885,997.7,2019-06-17,10:52,Cash,544.2,4.761904762,453.5,7.455,96.0891,21.9588,2019,6,17,Monday
721-86-6247,A,C1770,Yangon,Normal,Female,Health and beauty,63.42,8,25.368,507.36,2019-07-15,12:55,Ewallet,507.36,4.761904762,0.0,7.455,96.1735,16.8409,2019,7,15,Monday
289-65-5721,B,C1212,Mandalay,Normal,Female,Health and beauty,81.37,3,12.2055,244.11,2019-02-18,19:28,Cash,162.74,4.761904762,81.37,7.455,96.0891,21.9588,2019,2,18,Monday
545-46-3100,B,C1263,Mandalay,Member,Female,Health and beauty,10.59,6,3.177,63.54,2019-11-19,13:52,Credit card,31.77,4.761904762,31.77,7.455,96.0891,21.9588,2019,11,19,Tuesday
418-02-5978,B,C1277,Mandalay,Normal,Female,Health and beauty,84.09,13,54.6585,1093.17,2019-11-23,10:54,Cash,756.81,4.761904762,336.36,7.455,96.0891,21.9588,2019,11,23,Saturday
269-04-5750,B,C1232,Mandalay,Member,Male,Health and beauty,73.82,8,29.528,590.56,2019-12-14,18:31,Cash,295.28,4.761904762,295.28,7.455,96.0891,21.9588,2019,12,14,Saturday
157-13-5295,A,C1776,Yangon,Normal,Male,Health and beauty,51.94,10,15.468250000000001,519.4,2019-01-19,18:24,Ewallet,519.4,4.761904762,0.0,7.455,96.1735,16.8409,2019,1,19,Saturday
645-78-8093,A,C1816,Yangon,Normal,Female,Health and beauty,93.14,2,15.468250000000001,186.28,2019-02-15,18:09,Ewallet,186.28,4.761904762,0.0,7.455,96.1735,16.8409,2019,2,15,Friday
211-30-9270,C,C1373,Naypyitaw,Normal,Male,Health and beauty,17.41,6,15.468250000000001,104.46,2019-04-15,15:16,Credit card,87.05,4.761904762,17.41,7.455,96.0785,19.7633,2019,4,15,Monday
755-12-3214,C,C1440,Naypyitaw,Normal,Female,Health and beauty,44.22,6,13.266,265.32,2019-04-14,17:07,Credit card,221.1,4.761904762,44.22,7.455,96.0785,19.7633,2019,4,14,Sunday
346-84-3103,B,C1268,Mandalay,Normal,Female,Health and beauty,13.22,7,4.627,92.54,2019-03-15,19:26,Cash,66.1,4.761904762,26.44,5.16,96.0891,21.9588,2019,3,15,Friday
478-06-7835,A,C1657,Yangon,Normal,Male,Health and beauty,89.69,1,4.4845,89.69,2019-03-26,11:20,Ewallet,89.69,4.761904762,0.0,4.9,96.1735,16.8409,2019,3,26,Tuesday
540-11-4336,A,C1641,Yangon,Normal,Male,Health and beauty,24.94,9,11.223,224.46,2019-06-14,16:49,Credit card,224.46,4.761904762,0.0,5.6,96.1735,16.8409,2019,6,14,Friday
448-81-5016,A,C1710,Yangon,Normal,Male,Health and beauty,59.77,2,5.977,119.54,2019-07-08,12:01,Credit card,119.54,4.761904762,0.0,5.8,96.1735,16.8409,2019,7,8,Monday
142-72-4741,C,C1377,Naypyitaw,Normal,Male,Health and beauty,93.2,2,9.32,186.4,2019-09-24,18:37,Credit card,186.4,4.761904762,0.0,6.3,96.0785,19.7633,2019,9,24,Tuesday
217-58-1179,A,C1762,Yangon,Normal,Male,Health and beauty,62.65,4,12.53,250.6,2019-08-07,11:25,Cash,250.6,4.761904762,0.0,4.2,96.1735,16.8409,2019,8,7,Wednesday
376-02-8238,B,C1278,Mandalay,Normal,Male,Health and beauty,93.87,11,51.6285,1032.57,2019-01-06,18:42,Credit card,750.96,4.761904762,281.61,9.96,96.0891,21.9588,2019,1,6,Sunday
530-90-9855,A,C1758,Yangon,Normal,Male,Health and beauty,47.59,8,19.036,380.72,2019-08-16,14:47,Cash,380.72,4.761904762,0.0,5.7,96.1735,16.8409,2019,8,16,Friday
866-05-7563,B,C1230,Mandalay,Normal,Female,Health and beauty,81.4,4,16.28,325.6,2019-11-16,19:43,Cash,244.2,4.761904762,81.4,5.76,96.0891,21.9588,2019,11,16,Saturday
604-70-6476,A,C1737,Yangon,Normal,Male,Health and beauty,17.94,5,4.485,89.7,2019-04-27,14:04,Ewallet,89.7,4.761904762,0.0,6.8,96.1735,16.8409,2019,4,27,Saturday
799-71-1548,A,C1886,Yangon,Normal,Female,Health and beauty,77.72,4,15.544,310.88,2019-11-14,16:11,Credit card,310.88,4.761904762,0.0,8.8,96.1735,16.8409,2019,11,14,Thursday
785-13-7708,B,C1243,Mandalay,Normal,Female,Health and beauty,73.06,10,36.53,730.6,2019-12-25,19:06,Credit card,511.42,4.761904762,219.18,5.04,96.0891,21.9588,2019,12,25,Wednesday
845-51-0542,A,C1297,Mandalay,Normal,Female,Health and beauty,46.55,13,30.2575,605.15,2019-09-05,15:34,Ewallet,418.95,4.761904762,186.2,7.68,96.0891,21.9588,2019,9,5,Thursday
662-47-5456,A,C1317,Naypyitaw,Normal,Male,Health and beauty,35.19,12,21.114,422.28,2019-10-23,19:06,Credit card,351.9,4.761904762,70.38,8.82,96.0785,19.7633,2019,10,23,Wednesday
883-17-4236,A,C1486,Naypyitaw,Normal,Female,Health and beauty,14.39,2,1.439,28.78,2019-05-21,19:44,Credit card,28.78,4.761904762,0.0,7.56,96.0785,19.7633,2019,5,21,Tuesday
290-68-2984,A,C1895,Yangon,Normal,Male,Health and beauty,23.75,4,4.75,95.0,2019-02-19,11:22,Cash,95.0,4.761904762,0.0,5.2,96.1735,16.8409,2019,2,19,Tuesday
704-11-6354,A,C1732,Yangon,Normal,Male,Health and beauty,58.9,8,23.56,471.2,2019-09-12,11:23,Cash,471.2,4.761904762,0.0,8.9,96.1735,16.8409,2019,9,12,Thursday
110-48-7033,A,C1293,Mandalay,Normal,Male,Health and beauty,32.62,6,9.786,195.72,2019-06-21,14:12,Cash,130.48,4.761904762,65.24,10.0,96.0891,21.9588,2019,6,21,Friday
366-93-0948,A,C1696,Yangon,Normal,Male,Health and beauty,66.35,1,3.3175,66.35,2019-01-31,10:46,Credit card,66.35,4.761904762,0.0,9.7,96.1735,16.8409,2019,1,31,Thursday
729-09-9681,A,C1694,Yangon,Normal,Male,Health and beauty,25.91,6,7.773,155.46,2019-03-24,10:16,Ewallet,155.46,4.761904762,0.0,8.7,96.1735,16.8409,2019,3,24,Sunday
151-16-1484,A,C1721,Yangon,Normal,Male,Health and beauty,32.25,4,6.45,129.0,2019-10-06,12:38,Ewallet,129.0,4.761904762,0.0,6.5,96.1735,16.8409,2019,10,6,Sunday
380-94-4661,C,C1487,Naypyitaw,Normal,Male,Health and beauty,65.94,5,15.468250000000001,329.7,2019-04-26,13:05,Credit card,263.76,4.761904762,65.94,7.245,96.0785,19.7633,2019,4,26,Friday
850-41-9669,A,C1810,Yangon,Normal,Female,Health and beauty,75.06,9,15.468250000000001,675.54,2019-06-06,13:25,Ewallet,675.54,4.761904762,0.0,6.2,96.1735,16.8409,2019,6,6,Thursday
821-07-3596,C,C1322,Naypyitaw,Normal,Female,Health and beauty,16.45,5,4.1125,82.25,2019-01-31,14:53,Ewallet,65.8,4.761904762,16.45,5.88,96.0785,19.7633,2019,1,31,Thursday
655-85-5130,B,C1300,Mandalay,Normal,Female,Health and beauty,38.3,6,11.49,229.8,2019-02-03,19:22,Cash,153.2,4.761904762,76.6,6.84,96.0891,21.9588,2019,2,3,Sunday
447-15-7839,A,C1739,Yangon,Member,Female,Health and beauty,22.24,14,15.568,311.36,2019-10-07,11:00,Cash,222.4,4.761904762,88.96,4.2,96.1735,16.8409,2019,10,7,Monday
154-74-7179,B,C1227,Mandalay,Normal,Male,Health and beauty,54.45,1,2.7225,54.45,2019-05-05,19:24,Ewallet,54.45,4.761904762,0.0,9.48,96.0891,21.9588,2019,5,5,Sunday
253-12-6086,A,C1731,Yangon,Member,Female,Sports and travel,98.4,10,49.2,984.0,2019-12-11,12:43,Credit card,688.8,4.761904762,295.2,8.7,96.1735,16.8409,2019,12,11,Wednesday
808-65-0703,C,C1322,Naypyitaw,Normal,Male,Home and lifestyle,35.47,5,8.8675,177.35,2019-03-05,17:22,Credit card,141.88,4.761904762,35.47,7.245,96.0785,19.7633,2019,3,5,Tuesday
144-51-6085,A,C1601,Yangon,Member,Male,Home and lifestyle,70.74,6,21.222,424.44,2019-02-13,16:05,Credit card,282.96,4.761904762,141.48,4.4,96.1735,16.8409,2019,2,13,Wednesday
731-14-2199,A,C1640,Yangon,Member,Female,Home and lifestyle,35.54,14,24.878,497.56,2019-05-02,13:34,Ewallet,355.4,4.761904762,142.16,7.0,96.1735,16.8409,2019,5,2,Thursday
783-09-1637,B,C1202,Mandalay,Normal,Female,Sports and travel,67.43,7,23.6005,472.01,2019-10-27,18:13,Ewallet,337.15,4.761904762,134.86,7.56,96.0891,21.9588,2019,10,27,Sunday
687-15-1097,C,C1306,Naypyitaw,Member,Female,Health and beauty,21.12,3,3.168,63.36,2019-03-13,19:17,Cash,42.24,4.761904762,21.12,10.0,96.0785,19.7633,2019,3,13,Wednesday
126-54-1082,A,C1870,Yangon,Member,Female,Home and lifestyle,21.54,13,14.001,280.02,2019-03-02,11:44,Credit card,193.86,4.761904762,86.16,8.8,96.1735,16.8409,2019,3,2,Saturday
633-91-1052,A,C1693,Yangon,Normal,Female,Home and lifestyle,12.03,2,1.203,24.06,2019-07-25,15:51,Cash,24.06,4.761904762,0.0,5.1,96.1735,16.8409,2019,7,25,Thursday
477-24-6490,B,C1219,Mandalay,Normal,Female,Health and beauty,99.71,8,39.884,797.68,2019-04-02,16:52,Ewallet,598.26,4.761904762,199.42,9.48,96.0891,21.9588,2019,4,2,Tuesday
566-19-5475,B,C1206,Mandalay,Normal,Male,Fashion accessories,47.97,10,23.985,479.7,2019-08-29,20:52,Cash,335.79,4.761904762,143.91,7.44,96.0891,21.9588,2019,8,29,Thursday
526-86-8552,C,C1484,Naypyitaw,Member,Female,Home and lifestyle,21.82,17,18.547,370.94,2019-09-14,17:36,Cash,218.2,4.761904762,152.74,7.455,96.0785,19.7633,2019,9,14,Saturday
376-56-3573,C,C1367,Naypyitaw,Normal,Female,Fashion accessories,95.42,5,23.855,477.1,2019-08-31,13:23,Ewallet,381.68,4.761904762,95.42,6.72,96.0785,19.7633,2019,8,31,Saturday
537-72-0426,C,C1392,Naypyitaw,Member,Male,Fashion accessories,70.99,17,15.468250000000001,1206.83,2019-07-12,16:28,Cash,709.9,4.761904762,496.93,5.985,96.0785,19.7633,2019,7,12,Friday
828-61-5674,A,C1727,Yangon,Member,Male,Sports and travel,44.02,14,30.814,616.28,2019-04-17,19:57,Credit card,440.2,4.761904762,176.08,9.6,96.1735,16.8409,2019,4,17,Wednesday
136-08-6195,A,C1811,Yangon,Normal,Female,Home and lifestyle,69.96,8,27.984,559.68,2019-01-17,17:01,Credit card,559.68,4.761904762,0.0,6.4,96.1735,16.8409,2019,1,17,Thursday
523-38-0215,C,C1456,Naypyitaw,Normal,Male,Home and lifestyle,37.0,1,1.85,37.0,2019-07-14,13:29,Credit card,37.0,4.761904762,0.0,8.295,96.0785,19.7633,2019,7,14,Sunday
490-29-1201,A,C1800,Yangon,Normal,Female,Health and beauty,15.34,1,0.767,15.34,2019-12-10,11:09,Cash,15.34,4.761904762,0.0,6.5,96.1735,16.8409,2019,12,10,Tuesday
667-92-0055,A,C1603,Yangon,Member,Male,Health and beauty,99.83,8,39.932,798.64,2019-01-16,15:02,Ewallet,598.98,4.761904762,199.66,8.5,96.1735,16.8409,2019,1,16,Wednesday
565-17-3836,A,C1791,Yangon,Member,Female,Health and beauty,47.67,6,14.301,286.02,2019-08-09,14:21,Cash,190.68,4.761904762,95.34,9.1,96.1735,16.8409,2019,8,9,Friday
498-41-1961,B,C1236,Mandalay,Normal,Male,Health and beauty,66.68,7,23.338,466.76,2019-07-24,18:01,Cash,333.4,4.761904762,133.36,9.12,96.0891,21.9588,2019,7,24,Wednesday
593-95-4461,C,C1439,Naypyitaw,Member,Male,Health and beauty,74.86,1,3.743,74.86,2019-11-01,14:49,Cash,74.86,4.761904762,0.0,7.245,96.0785,19.7633,2019,11,1,Friday
226-71-3580,C,C1440,Naypyitaw,Normal,Female,Health and beauty,23.75,11,13.0625,261.25,2019-07-06,12:02,Cash,213.75,4.761904762,47.5,9.975,96.0785,19.7633,2019,7,6,Saturday
283-79-9594,B,C1262,Mandalay,Normal,Female,Health and beauty,48.51,10,24.255,485.1,2019-11-01,13:30,Credit card,339.57,4.761904762,145.53,6.24,96.0891,21.9588,2019,11,1,Friday
430-60-3493,A,C1746,Yangon,Member,Female,Health and beauty,94.88,10,47.44,948.8,2019-11-25,14:38,Cash,664.16,4.761904762,284.64,4.2,96.1735,16.8409,2019,11,25,Monday
139-20-0155,B,C1290,Mandalay,Member,Male,Health and beauty,40.3,20,40.3,806.0,2019-02-08,17:37,Credit card,403.0,4.761904762,403.0,8.4,96.0891,21.9588,2019,2,8,Friday
558-80-4082,C,C1469,Naypyitaw,Normal,Male,Health and beauty,27.85,8,11.14,222.8,2019-03-18,17:20,Ewallet,194.95,4.761904762,27.85,6.3,96.0785,19.7633,2019,3,18,Monday
278-97-7759,A,C1781,Yangon,Member,Female,Health and beauty,62.48,1,3.124,62.48,2019-01-30,20:29,Cash,62.48,4.761904762,0.0,4.7,96.1735,16.8409,2019,1,30,Wednesday
316-68-6352,A,C1767,Yangon,Member,Female,Health and beauty,36.36,3,5.454,109.08,2019-07-02,10:00,Cash,72.72,4.761904762,36.36,7.1,96.1735,16.8409,2019,7,2,Tuesday
585-03-5943,B,C1291,Mandalay,Normal,Male,Health and beauty,18.11,14,12.677,253.54,2019-06-28,11:46,Ewallet,181.1,4.761904762,72.44,7.08,96.0891,21.9588,2019,6,28,Friday
211-05-0490,C,C1421,Naypyitaw,Member,Female,Electronic accessories,51.92,8,20.768,415.36,2019-04-16,13:42,Cash,259.6,4.761904762,155.76,7.875,96.0785,19.7633,2019,4,16,Tuesday
727-75-6477,C,C1332,Naypyitaw,Normal,Male,Electronic accessories,28.84,5,7.21,144.2,2019-01-30,14:44,Cash,115.36,4.761904762,28.84,6.72,96.0785,19.7633,2019,1,30,Wednesday
744-02-5987,A,C1673,Yangon,Member,Male,Home and lifestyle,78.38,8,31.352,627.04,2019-05-26,14:16,Ewallet,470.28,4.761904762,156.76,5.8,96.1735,16.8409,2019,5,26,Sunday
307-83-9164,A,C1672,Yangon,Member,Male,Home and lifestyle,60.01,6,18.003,360.06,2019-05-14,15:54,Cash,240.04,4.761904762,120.02,4.5,96.1735,16.8409,2019,5,14,Tuesday
779-06-0012,A,C1365,Naypyitaw,Member,Female,Home and lifestyle,88.61,1,4.4305,88.61,2019-03-27,10:21,Cash,88.61,4.761904762,0.0,8.085,96.0785,19.7633,2019,3,27,Wednesday
446-47-6729,A,C1408,Naypyitaw,Normal,Male,Fashion accessories,99.82,2,9.982,199.64,2019-06-24,18:09,Credit card,199.64,4.761904762,0.0,7.035,96.0785,19.7633,2019,6,24,Monday
573-10-3877,A,C1208,Mandalay,Member,Male,Health and beauty,39.01,1,15.468250000000001,39.01,2019-07-01,16:46,Credit card,39.01,4.761904762,0.0,5.64,96.0891,21.9588,2019,7,1,Monday
735-06-4124,A,C1405,Naypyitaw,Normal,Male,Food and beverages,48.61,1,15.468250000000001,48.61,2019-04-28,15:31,Cash,48.61,4.761904762,0.0,4.62,96.0785,19.7633,2019,4,28,Sunday
439-54-7422,A,C1611,Yangon,Normal,Female,Electronic accessories,51.19,4,15.468250000000001,204.76,2019-06-16,17:15,Credit card,204.76,4.761904762,0.0,7.455,96.1735,16.8409,2019,6,16,Sunday
396-90-2219,B,C1286,Mandalay,Normal,Female,Electronic accessories,14.96,11,15.468250000000001,164.56,2019-01-27,12:29,Cash,119.68,4.761904762,44.88,7.455,96.0891,21.9588,2019,1,27,Sunday
411-77-0180,A,C1622,Yangon,Normal,Male,Electronic accessories,72.2,7,15.468250000000001,505.4,2019-04-02,20:14,Ewallet,505.4,4.761904762,0.0,7.455,96.1735,16.8409,2019,4,2,Tuesday
286-01-5402,A,C1898,Yangon,Normal,Female,Sports and travel,40.23,7,15.468250000000001,281.61,2019-06-15,13:22,Cash,281.61,4.761904762,0.0,7.455,96.1735,16.8409,2019,6,15,Saturday
803-17-8013,A,C1620,Yangon,Member,Female,Home and lifestyle,88.79,11,15.468250000000001,976.69,2019-08-11,17:09,Cash,710.32,4.761904762,266.37,7.455,96.1735,16.8409,2019,8,11,Sunday
512-98-1403,A,C1632,Yangon,Member,Female,Electronic accessories,26.48,4,15.468250000000001,105.92,2019-06-29,10:40,Ewallet,79.44,4.761904762,26.48,7.455,96.1735,16.8409,2019,6,29,Saturday
848-42-2560,A,C1670,Yangon,Normal,Female,Fashion accessories,81.91,2,8.191,163.82,2019-09-09,17:43,Cash,163.82,4.761904762,0.0,7.455,96.1735,16.8409,2019,9,9,Monday
532-59-7201,B,C1279,Mandalay,Member,Male,Sports and travel,79.93,11,43.9615,879.23,2019-12-03,14:04,Cash,479.58,4.761904762,399.65,7.455,96.0891,21.9588,2019,12,3,Tuesday
181-94-6432,C,C1470,Naypyitaw,Member,Male,Fashion accessories,69.33,3,10.3995,207.99,2019-02-25,19:05,Ewallet,138.66,4.761904762,69.33,10.0,96.0785,19.7633,2019,2,25,Monday
870-76-1733,A,C1777,Yangon,Member,Female,Food and beverages,14.23,7,4.9805,99.61,2019-10-18,10:08,Credit card,71.15,4.761904762,28.46,4.4,96.1735,16.8409,2019,10,18,Friday
423-64-4619,A,C1858,Yangon,Member,Female,Health and beauty,15.55,13,10.1075,202.15,2019-09-10,13:12,Cash,139.95,4.761904762,62.2,5.0,96.1735,16.8409,2019,9,10,Tuesday
174-36-3675,C,C1383,Naypyitaw,Member,Male,Health and beauty,99.37,3,14.9055,298.11,2019-07-03,17:29,Cash,198.74,4.761904762,99.37,5.46,96.0785,19.7633,2019,7,3,Wednesday
428-83-5800,C,C1411,Naypyitaw,Member,Female,Health and beauty,21.08,6,6.324,126.48,2019-01-03,10:25,Cash,63.24,4.761904762,63.24,7.665,96.0785,19.7633,2019,1,3,Thursday
603-07-0961,C,C1308,Naypyitaw,Member,Male,Health and beauty,74.79,8,29.916,598.32,2019-05-17,11:34,Cash,373.95,4.761904762,224.37,5.145,96.0785,19.7633,2019,5,17,Friday
704-20-4138,C,C1375,Naypyitaw,Normal,Female,Health and beauty,29.67,8,11.868,237.36,2019-12-09,18:58,Credit card,207.69,4.761904762,29.67,8.505,96.0785,19.7633,2019,12,9,Monday
787-15-1757,C,C1358,Naypyitaw,Normal,Male,Health and beauty,44.07,5,11.0175,220.35,2019-10-19,16:28,Ewallet,176.28,4.761904762,44.07,8.82,96.0785,19.7633,2019,10,19,Saturday
649-11-3678,C,C1453,Naypyitaw,Normal,Female,Health and beauty,22.93,11,12.6115,252.23,2019-11-10,20:26,Cash,206.37,4.761904762,45.86,5.775,96.0785,19.7633,2019,11,10,Sunday
622-20-1945,C,C1345,Naypyitaw,Normal,Female,Health and beauty,39.42,1,1.971,39.42,2019-01-27,15:08,Cash,39.42,4.761904762,0.0,8.82,96.0785,19.7633,2019,1,27,Sunday
372-94-8041,A,C1879,Yangon,Normal,Male,Health and beauty,15.26,6,4.578,91.56,2019-03-28,18:03,Ewallet,91.56,4.761904762,0.0,9.8,96.1735,16.8409,2019,3,28,Thursday
563-91-7120,A,C1730,Yangon,Normal,Female,Fashion accessories,61.77,5,15.4425,308.85,2019-03-19,13:21,Cash,308.85,4.761904762,0.0,6.7,96.1735,16.8409,2019,3,19,Tuesday
746-54-5508,A,C1851,Yangon,Normal,Male,Home and lifestyle,21.52,6,6.456,129.12,2019-10-04,12:48,Credit card,129.12,4.761904762,0.0,9.4,96.1735,16.8409,2019,10,4,Friday
276-54-0879,B,C1221,Mandalay,Normal,Male,Sports and travel,97.74,6,29.322,586.44,2019-03-09,19:53,Ewallet,390.96,4.761904762,195.48,7.68,96.0891,21.9588,2019,3,9,Saturday
815-11-1168,A,C1607,Yangon,Normal,Male,Food and beverages,99.78,5,24.945,498.9,2019-02-16,19:09,Cash,498.9,4.761904762,0.0,5.4,96.1735,16.8409,2019,2,16,Saturday
719-76-3868,C,C1485,Naypyitaw,Normal,Male,Food and beverages,94.26,5,23.565,471.3,2019-06-21,16:30,Cash,377.04,4.761904762,94.26,9.03,96.0785,19.7633,2019,6,21,Friday
730-61-8757,B,C1270,Mandalay,Normal,Male,Health and beauty,51.13,6,15.339,306.78,2019-04-03,10:11,Credit card,204.52,4.761904762,102.26,4.8,96.0891,21.9588,2019,4,3,Wednesday
340-66-0321,A,C1809,Yangon,Normal,Male,Electronic accessories,36.36,4,7.272,145.44,2019-04-22,13:07,Cash,145.44,4.761904762,0.0,7.6,96.1735,16.8409,2019,4,22,Monday
868-81-1752,B,C1296,Mandalay,Normal,Male,Home and lifestyle,22.02,13,14.313,286.26,2019-02-21,18:48,Cash,198.18,4.761904762,88.08,8.16,96.0891,21.9588,2019,2,21,Thursday
634-97-8956,A,C1712,Yangon,Normal,Male,Health and beauty,32.9,3,4.935,98.7,2019-01-16,17:27,Credit card,98.7,4.761904762,0.0,9.1,96.1735,16.8409,2019,1,16,Wednesday
566-71-1091,A,C1854,Yangon,Normal,Male,Health and beauty,77.02,5,19.255,385.1,2019-09-05,15:59,Cash,385.1,4.761904762,0.0,5.5,96.1735,16.8409,2019,9,5,Thursday
442-48-3607,A,C1659,Yangon,Normal,Male,Health and beauty,23.48,2,15.468250000000001,46.96,2019-04-19,11:21,Credit card,46.96,4.761904762,0.0,7.9,96.1735,16.8409,2019,4,19,Friday
835-16-0096,C,C1333,Naypyitaw,Member,Male,Health and beauty,14.7,8,15.468250000000001,117.6,2019-07-19,13:48,Ewallet,73.5,4.761904762,44.1,8.925,96.0785,19.7633,2019,7,19,Friday
527-09-6272,A,C1679,Yangon,Member,Female,Health and beauty,28.45,7,15.468250000000001,199.15,2019-04-08,10:17,Credit card,142.25,4.761904762,56.9,9.1,96.1735,16.8409,2019,4,8,Monday
898-04-2717,A,C1704,Yangon,Normal,Male,Health and beauty,76.4,9,15.468250000000001,687.6,2019-10-21,15:49,Ewallet,687.6,4.761904762,0.0,7.5,96.1735,16.8409,2019,10,21,Monday
692-27-8933,B,C1239,Mandalay,Normal,Female,Health and beauty,57.95,8,15.468250000000001,463.6,2019-07-20,13:02,Cash,347.7,4.761904762,115.9,6.24,96.0891,21.9588,2019,7,20,Saturday
633-09-3463,C,C1482,Naypyitaw,Normal,Female,Health and beauty,47.65,4,15.468250000000001,190.6,2019-04-19,12:58,Credit card,142.95,4.761904762,47.65,9.975,96.0785,19.7633,2019,4,19,Friday
374-17-3652,B,C1272,Mandalay,Member,Female,Health and beauty,42.82,18,38.538,770.76,2019-02-13,15:26,Credit card,385.38,4.761904762,385.38,10.0,96.0891,21.9588,2019,2,13,Wednesday
378-07-7001,B,C1287,Mandalay,Member,Male,Health and beauty,48.09,6,14.427,288.54,2019-10-10,18:23,Credit card,144.27,4.761904762,144.27,9.36,96.0891,21.9588,2019,10,10,Thursday
433-75-6987,B,C1249,Mandalay,Member,Female,Health and beauty,55.97,14,39.179,783.58,2019-07-05,19:06,Ewallet,391.79,4.761904762,391.79,10.0,96.0891,21.9588,2019,7,5,Friday
873-95-4984,B,C1276,Mandalay,Member,Female,Health and beauty,76.9,14,53.83,1076.6,2019-12-22,20:21,Cash,538.3,4.761904762,538.3,9.24,96.0891,21.9588,2019,12,22,Sunday
416-13-5917,C,C1466,Naypyitaw,Normal,Female,Food and beverages,97.03,6,29.109,582.18,2019-09-10,16:24,Ewallet,485.15,4.761904762,97.03,9.765,96.0785,19.7633,2019,9,10,Tuesday
150-89-8043,A,C1763,Yangon,Normal,Male,Sports and travel,44.65,3,6.6975,133.95,2019-07-17,15:04,Cash,133.95,4.761904762,0.0,6.2,96.1735,16.8409,2019,7,17,Wednesday
135-84-8019,A,C1652,Yangon,Normal,Female,Fashion accessories,77.93,9,35.0685,701.37,2019-07-01,16:10,Ewallet,701.37,4.761904762,0.0,7.6,96.1735,16.8409,2019,7,1,Monday
441-94-7118,A,C1833,Yangon,Member,Male,Electronic accessories,71.95,1,3.5975,71.95,2019-09-12,12:14,Cash,71.95,4.761904762,0.0,7.3,96.1735,16.8409,2019,9,12,Thursday
725-96-3778,C,C1368,Naypyitaw,Member,Female,Home and lifestyle,89.25,14,62.475,1249.5,2019-06-08,10:13,Cash,714.0,4.761904762,535.5,4.935,96.0785,19.7633,2019,6,8,Saturday
531-80-1784,A,C1645,Yangon,Normal,Male,Electronic accessories,26.02,7,9.107,182.14,2019-08-05,17:38,Cash,182.14,4.761904762,0.0,5.1,96.1735,16.8409,2019,8,5,Monday
400-45-1220,B,C1284,Mandalay,Normal,Female,Health and beauty,13.5,14,9.45,189.0,2019-09-18,11:06,Credit card,135.0,4.761904762,54.0,5.76,96.0891,21.9588,2019,9,18,Wednesday
834-61-8124,A,C1856,Yangon,Normal,Male,Electronic accessories,51.69,7,18.0915,361.83,2019-03-04,18:22,Cash,361.83,4.761904762,0.0,5.5,96.1735,16.8409,2019,3,4,Monday
115-99-4379,B,C1202,Mandalay,Member,Female,Fashion accessories,54.73,14,38.311,766.22,2019-03-27,19:02,Credit card,383.11,4.761904762,383.11,10.0,96.0891,21.9588,2019,3,27,Wednesday
565-67-6697,A,C1255,Mandalay,Member,Male,Home and lifestyle,27.0,18,24.3,486.0,2019-05-28,14:16,Cash,243.0,4.761904762,243.0,5.76,96.0891,21.9588,2019,5,28,Tuesday
320-49-6392,A,C1354,Naypyitaw,Normal,Female,Electronic accessories,30.24,1,1.512,30.24,2019-12-20,15:44,Cash,30.24,4.761904762,0.0,8.82,96.0785,19.7633,2019,12,20,Friday
889-04-9723,A,C1274,Mandalay,Member,Female,Food and beverages,89.14,8,35.656,713.12,2019-05-05,12:20,Credit card,356.56,4.761904762,356.56,9.36,96.0891,21.9588,2019,5,5,Sunday
632-90-0281,A,C1448,Naypyitaw,Normal,Female,Fashion accessories,37.55,12,22.53,450.6,2019-06-24,20:01,Credit card,375.5,4.761904762,75.1,9.765,96.0785,19.7633,2019,6,24,Monday
554-42-2417,A,C1341,Naypyitaw,Normal,Female,Sports and travel,95.44,12,57.264,1145.28,2019-03-15,13:45,Cash,954.4,4.761904762,190.88,5.46,96.0785,19.7633,2019,3,15,Friday
453-63-6187,A,C1242,Mandalay,Normal,Male,Electronic accessories,27.5,4,5.5,110.0,2019-03-16,15:40,Ewallet,82.5,4.761904762,27.5,7.8,96.0891,21.9588,2019,3,16,Saturday
578-80-7669,A,C1204,Mandalay,Normal,Male,Sports and travel,74.97,1,3.7485,74.97,2019-05-15,16:58,Cash,74.97,4.761904762,0.0,6.72,96.0891,21.9588,2019,5,15,Wednesday
612-36-5536,A,C1619,Yangon,Member,Male,Food and beverages,80.96,11,44.528,890.56,2019-04-08,11:12,Credit card,647.68,4.761904762,242.88,7.4,96.1735,16.8409,2019,4,8,Monday
605-72-4132,A,C1327,Naypyitaw,Normal,Female,Food and beverages,94.47,10,47.235,944.7,2019-07-06,15:12,Cash,755.76,4.761904762,188.94,9.555,96.0785,19.7633,2019,7,6,Saturday
471-41-2823,A,C1415,Naypyitaw,Normal,Male,Food and beverages,99.79,2,9.979,199.58,2019-03-16,20:37,Ewallet,199.58,4.761904762,0.0,8.4,96.0785,19.7633,2019,3,16,Saturday
462-67-9126,A,C1724,Yangon,Normal,Male,Home and lifestyle,73.22,6,21.966,439.32,2019-03-03,17:44,Cash,439.32,4.761904762,0.0,7.2,96.1735,16.8409,2019,3,3,Sunday
272-27-9238,A,C1373,Naypyitaw,Normal,Female,Food and beverages,41.24,5,10.31,206.2,2019-09-28,16:23,Cash,164.96,4.761904762,41.24,7.455,96.0785,19.7633,2019,9,28,Saturday
834-25-9262,A,C1379,Naypyitaw,Normal,Female,Fashion accessories,81.68,5,20.42,408.4,2019-01-29,12:12,Cash,326.72,4.761904762,81.68,9.555,96.0785,19.7633,2019,1,29,Tuesday
122-61-9553,A,C1372,Naypyitaw,Normal,Female,Electronic accessories,51.32,11,28.226,564.52,2019-02-21,19:33,Cash,461.88,4.761904762,102.64,5.88,96.0785,19.7633,2019,2,21,Thursday
468-88-0009,A,C1670,Yangon,Member,Male,Home and lifestyle,65.94,6,19.782,395.64,2019-04-01,10:29,Cash,263.76,4.761904762,131.88,6.0,96.1735,16.8409,2019,4,1,Monday
613-59-9758,A,C1398,Naypyitaw,Normal,Female,Sports and travel,14.36,12,8.616,172.32,2019-07-14,14:28,Cash,143.6,4.761904762,28.72,5.67,96.0785,19.7633,2019,7,14,Sunday
254-31-0042,A,C1835,Yangon,Member,Male,Electronic accessories,21.5,13,13.975,279.5,2019-02-01,12:46,Credit card,193.5,4.761904762,86.0,7.8,96.1735,16.8409,2019,2,1,Friday
201-86-2184,A,C1246,Mandalay,Member,Female,Electronic accessories,26.26,14,18.382,367.64,2019-05-01,19:40,Cash,183.82,4.761904762,183.82,10.0,96.0891,21.9588,2019,5,1,Wednesday
261-12-8671,A,C1243,Mandalay,Normal,Female,Fashion accessories,60.96,3,9.144,182.88,2019-08-13,19:39,Credit card,121.92,4.761904762,60.96,5.88,96.0891,21.9588,2019,8,13,Tuesday
730-70-9830,A,C1471,Naypyitaw,Normal,Female,Home and lifestyle,70.11,7,24.5385,490.77,2019-09-14,17:54,Ewallet,420.66,4.761904762,70.11,5.46,96.0785,19.7633,2019,9,14,Saturday
382-25-8917,A,C1460,Naypyitaw,Normal,Male,Fashion accessories,42.08,7,14.728,294.56,2019-10-09,12:25,Cash,252.48,4.761904762,42.08,9.345,96.0785,19.7633,2019,10,9,Wednesday
422-29-8786,A,C1615,Yangon,Normal,Female,Home and lifestyle,67.09,5,16.7725,335.45,2019-10-17,16:47,Credit card,335.45,4.761904762,0.0,9.1,96.1735,16.8409,2019,10,17,Thursday
667-23-5919,A,C1868,Yangon,Member,Female,Fashion accessories,96.7,7,33.845,676.9,2019-08-04,12:52,Ewallet,483.5,4.761904762,193.4,7.455,96.1735,16.8409,2019,8,4,Sunday
843-01-4703,A,C1222,Mandalay,Member,Female,Health and beauty,35.38,18,31.842,636.84,2019-12-20,19:50,Credit card,318.42,4.761904762,318.42,7.455,96.0891,21.9588,2019,12,20,Friday
743-88-1662,A,C1419,Naypyitaw,Normal,Male,Health and beauty,95.49,8,38.196,763.92,2019-08-12,18:17,Ewallet,668.43,4.761904762,95.49,7.455,96.0785,19.7633,2019,8,12,Monday
595-86-2894,A,C1403,Naypyitaw,Member,Male,Health and beauty,96.98,7,33.943,678.86,2019-05-29,17:20,Ewallet,387.92,4.761904762,290.94,7.455,96.0785,19.7633,2019,5,29,Wednesday
182-69-8360,A,C1264,Mandalay,Normal,Female,Health and beauty,23.65,6,7.095,141.9,2019-08-03,13:32,Credit card,94.6,4.761904762,47.3,7.455,96.0891,21.9588,2019,8,3,Saturday
289-15-7034,A,C1654,Yangon,Member,Male,Health and beauty,82.33,6,24.699,493.98,2019-07-27,10:37,Credit card,329.32,4.761904762,164.66,7.455,96.1735,16.8409,2019,7,27,Saturday
462-78-5240,A,C1369,Naypyitaw,Normal,Female,Health and beauty,26.61,2,2.661,53.22,2019-10-20,14:35,Cash,53.22,4.761904762,0.0,7.455,96.0785,19.7633,2019,10,20,Sunday
868-52-7573,A,C1243,Mandalay,Normal,Female,Health and beauty,99.69,7,34.8915,697.83,2019-12-31,12:09,Cash,498.45,4.761904762,199.38,7.455,96.0891,21.9588,2019,12,31,Tuesday
153-58-4872,A,C1369,Naypyitaw,Member,Female,Health and beauty,74.89,7,26.2115,524.23,2019-10-12,15:32,Ewallet,299.56,4.761904762,224.67,4.41,96.0785,19.7633,2019,10,12,Saturday
662-72-2873,A,C1635,Yangon,Normal,Female,Health and beauty,40.94,5,10.235,204.7,2019-01-05,13:58,Ewallet,204.7,4.761904762,0.0,9.9,96.1735,16.8409,2019,1,5,Saturday
525-88-7307,A,C1270,Mandalay,Member,Male,Health and beauty,75.82,1,3.791,75.82,2019-07-02,13:19,Cash,75.82,4.761904762,0.0,6.96,96.0891,21.9588,2019,7,2,Tuesday
689-16-9784,A,C1301,Naypyitaw,Normal,Male,Health and beauty,46.77,7,16.3695,327.39,2019-05-14,13:37,Cash,280.62,4.761904762,46.77,6.3,96.0785,19.7633,2019,5,14,Tuesday
725-56-0833,A,C1776,Yangon,Normal,Female,Health and beauty,32.32,10,16.16,323.2,2019-05-29,16:49,Credit card,323.2,4.761904762,0.0,10.0,96.1735,16.8409,2019,5,29,Wednesday
394-41-0748,A,C1431,Naypyitaw,Member,Female,Health and beauty,54.07,15,40.5525,811.05,2019-10-01,14:55,Ewallet,486.63,4.761904762,324.42,9.975,96.0785,19.7633,2019,10,1,Tuesday
596-42-3999,A,C1228,Mandalay,Normal,Male,Health and beauty,18.22,10,9.11,182.2,2019-10-02,14:04,Credit card,127.54,4.761904762,54.66,7.92,96.0891,21.9588,2019,10,2,Wednesday
541-89-9860,A,C1497,Naypyitaw,Member,Female,Health and beauty,80.48,6,24.144,482.88,2019-03-18,12:31,Cash,241.44,4.761904762,241.44,8.505,96.0785,19.7633,2019,3,18,Monday
173-82-9529,A,C1217,Mandalay,Normal,Female,Health and beauty,37.95,14,26.565,531.3,2019-06-01,14:51,Cash,379.5,4.761904762,151.8,10.0,96.0891,21.9588,2019,6,1,Saturday
563-36-9814,A,C1609,Yangon,Member,Male,Health and beauty,76.82,1,3.841,76.82,2019-10-12,18:27,Ewallet,76.82,4.761904762,0.0,7.2,96.1735,16.8409,2019,10,12,Saturday
308-47-4913,A,C1840,Yangon,Member,Female,Health and beauty,52.26,14,36.582,731.64,2019-03-15,12:45,Credit card,522.6,4.761904762,209.04,6.2,96.1735,16.8409,2019,3,15,Friday
885-17-6250,A,C1661,Yangon,Normal,Female,Health and beauty,79.74,1,3.987,79.74,2019-10-17,10:36,Ewallet,79.74,4.761904762,0.0,7.3,96.1735,16.8409,2019,10,17,Thursday
726-27-2396,A,C1812,Yangon,Normal,Female,Health and beauty,77.5,5,19.375,387.5,2019-03-30,20:36,Ewallet,387.5,4.761904762,0.0,4.3,96.1735,16.8409,2019,3,30,Saturday
316-01-3952,A,C1732,Yangon,Normal,Female,Health and beauty,54.27,5,13.5675,271.35,2019-08-01,14:16,Ewallet,271.35,4.761904762,0.0,4.6,96.1735,16.8409,2019,8,1,Thursday
760-54-1821,A,C1216,Mandalay,Normal,Male,Health and beauty,13.59,13,8.8335,176.67,2019-02-26,10:26,Cash,122.31,4.761904762,54.36,6.96,96.0891,21.9588,2019,2,26,Tuesday
793-10-3222,A,C1215,Mandalay,Member,Female,Health and beauty,41.06,11,22.583,451.66,2019-04-06,13:30,Credit card,246.36,4.761904762,205.3,9.96,96.0891,21.9588,2019,4,6,Saturday
346-12-3257,A,C1252,Mandalay,Member,Male,Health and beauty,19.24,18,17.316,346.32,2019-06-07,16:28,Cash,173.16,4.761904762,173.16,9.6,96.0891,21.9588,2019,6,7,Friday
110-05-6330,A,C1499,Naypyitaw,Normal,Female,Health and beauty,39.43,7,13.8005,276.01,2019-09-23,20:18,Credit card,236.58,4.761904762,39.43,9.87,96.0785,19.7633,2019,9,23,Monday
651-61-0874,A,C1309,Naypyitaw,Normal,Male,Health and beauty,46.22,5,11.555,231.1,2019-03-19,20:04,Credit card,184.88,4.761904762,46.22,6.51,96.0785,19.7633,2019,3,19,Tuesday
236-86-3015,A,C1437,Naypyitaw,Member,Male,Health and beauty,13.98,1,0.699,13.98,2019-06-10,13:38,Ewallet,13.98,4.761904762,0.0,10.0,96.0785,19.7633,2019,6,10,Monday
831-64-0259,A,C1260,Mandalay,Normal,Female,Fashion accessories,39.75,7,13.9125,278.25,2019-08-05,10:43,Ewallet,198.75,4.761904762,79.5,10.0,96.0891,21.9588,2019,8,5,Monday
587-03-7455,A,C1454,Naypyitaw,Member,Female,Fashion accessories,97.79,11,53.7845,1075.69,2019-01-16,17:30,Ewallet,684.53,4.761904762,391.16,5.145,96.0785,19.7633,2019,1,16,Wednesday
882-40-4577,A,C1750,Yangon,Member,Male,Sports and travel,67.26,6,20.178,403.56,2019-11-19,15:28,Credit card,269.04,4.761904762,134.52,8.0,96.1735,16.8409,2019,11,19,Tuesday
732-67-5346,A,C1625,Yangon,Normal,Male,Food and beverages,13.79,5,3.4475,68.95,2019-07-14,19:07,Credit card,68.95,4.761904762,0.0,7.8,96.1735,16.8409,2019,7,14,Sunday
725-32-9708,A,C1275,Mandalay,Member,Female,Fashion accessories,68.71,8,27.484,549.68,2019-02-20,19:01,Cash,274.84,4.761904762,274.84,4.92,96.0891,21.9588,2019,2,20,Wednesday
256-08-8343,A,C1612,Yangon,Normal,Female,Home and lifestyle,56.53,4,11.306,226.12,2019-02-25,19:48,Ewallet,226.12,4.761904762,0.0,5.5,96.1735,16.8409,2019,2,25,Monday
372-26-1506,A,C1414,Naypyitaw,Normal,Female,Fashion accessories,23.82,6,7.146,142.92,2019-04-15,19:24,Ewallet,119.1,4.761904762,23.82,5.67,96.0785,19.7633,2019,4,15,Monday
244-08-0162,A,C1262,Mandalay,Normal,Female,Health and beauty,34.21,14,23.947,478.94,2019-11-28,13:00,Cash,342.1,4.761904762,136.84,6.12,96.0891,21.9588,2019,11,28,Thursday
569-71-4390,A,C1270,Mandalay,Normal,Male,Sports and travel,21.87,3,3.2805,65.61,2019-10-17,14:29,Ewallet,43.74,4.761904762,21.87,8.28,96.0891,21.9588,2019,10,17,Thursday
132-23-6451,A,C1699,Yangon,Member,Male,Health and beauty,20.97,7,7.3395,146.79,2019-01-07,13:21,Cash,104.85,4.761904762,41.94,7.8,96.1735,16.8409,2019,1,7,Monday
696-90-2548,A,C1756,Yangon,Normal,Male,Sports and travel,25.84,3,3.876,77.52,2019-11-24,18:55,Ewallet,77.52,4.761904762,0.0,6.6,96.1735,16.8409,2019,11,24,Sunday
472-15-9636,A,C1639,Yangon,Normal,Male,Home and lifestyle,50.93,8,20.372,407.44,2019-01-10,19:36,Ewallet,407.44,4.761904762,0.0,9.2,96.1735,16.8409,2019,1,10,Thursday
268-03-6164,A,C1218,Mandalay,Normal,Male,Health and beauty,96.11,1,4.8055,96.11,2019-10-26,16:28,Ewallet,96.11,4.761904762,0.0,9.36,96.0891,21.9588,2019,10,26,Saturday
750-57-9686,A,C1438,Naypyitaw,Normal,Female,Home and lifestyle,45.38,5,11.345,226.9,2019-10-16,13:48,Credit card,181.52,4.761904762,45.38,9.135,96.0785,19.7633,2019,10,16,Wednesday
186-09-3669,A,C1340,Naypyitaw,Member,Female,Health and beauty,81.51,1,4.0755,81.51,2019-09-21,10:57,Ewallet,81.51,4.761904762,0.0,9.66,96.0785,19.7633,2019,9,21,Saturday
848-07-1692,A,C1224,Mandalay,Normal,Female,Health and beauty,57.22,3,8.583,171.66,2019-07-18,17:13,Ewallet,114.44,4.761904762,57.22,9.96,96.0891,21.9588,2019,7,18,Thursday
745-71-3520,A,C1641,Yangon,Member,Female,Electronic accessories,25.22,10,12.61,252.2,2019-07-11,10:23,Cash,176.54,4.761904762,75.66,8.2,96.1735,16.8409,2019,7,11,Thursday
266-76-6436,A,C1500,Naypyitaw,Normal,Female,Food and beverages,38.6,4,7.72,154.4,2019-03-07,13:57,Ewallet,115.8,4.761904762,38.6,7.875,96.0785,19.7633,2019,3,7,Thursday
740-22-2500,A,C1483,Naypyitaw,Normal,Female,Electronic accessories,84.05,4,16.81,336.2,2019-03-12,13:29,Cash,252.15,4.761904762,84.05,10.0,96.0785,19.7633,2019,3,12,Tuesday
271-88-8734,A,C1308,Naypyitaw,Normal,Female,Fashion accessories,97.21,12,58.326,1166.52,2019-11-18,13:00,Credit card,972.1,4.761904762,194.42,7.455,96.0785,19.7633,2019,11,18,Monday
301-81-8610,A,C1249,Mandalay,Normal,Male,Fashion accessories,25.42,11,13.981,279.62,2019-04-25,19:42,Credit card,203.36,4.761904762,76.26,7.455,96.0891,21.9588,2019,4,25,Thursday
489-64-4354,A,C1353,Naypyitaw,Normal,Male,Fashion accessories,16.28,1,0.814,16.28,2019-08-10,15:36,Cash,16.28,4.761904762,0.0,7.455,96.0785,19.7633,2019,8,10,Saturday
198-84-7132,A,C1239,Mandalay,Normal,Male,Fashion accessories,40.61,13,26.3965,527.93,2019-05-26,13:40,Cash,365.49,4.761904762,162.44,7.455,96.0891,21.9588,2019,5,26,Sunday
269-10-8440,A,C1841,Yangon,Normal,Male,Health and beauty,53.17,7,18.6095,372.19,2019-11-08,18:01,Cash,372.19,4.761904762,0.0,7.455,96.1735,16.8409,2019,11,8,Friday
650-98-6268,A,C1244,Mandalay,Normal,Female,Food and beverages,20.87,4,4.174,83.48,2019-08-21,13:53,Credit card,62.61,4.761904762,20.87,7.455,96.0891,21.9588,2019,8,21,Wednesday
741-73-3559,A,C1202,Mandalay,Normal,Male,Sports and travel,67.27,7,23.5445,470.89,2019-08-11,17:27,Cash,336.35,4.761904762,134.54,7.455,96.0891,21.9588,2019,8,11,Sunday
325-77-6186,A,C1756,Yangon,Normal,Female,Home and lifestyle,90.65,10,45.325,906.5,2019-08-06,10:53,Ewallet,906.5,4.761904762,0.0,7.455,96.1735,16.8409,2019,8,6,Tuesday
286-75-7818,A,C1261,Mandalay,Normal,Male,Fashion accessories,69.08,3,10.362,207.24,2019-06-22,19:48,Credit card,138.16,4.761904762,69.08,8.28,96.0891,21.9588,2019,6,22,Saturday
574-57-9721,A,C1380,Naypyitaw,Normal,Male,Food and beverages,43.27,2,4.327,86.54,2019-04-27,16:53,Ewallet,86.54,4.761904762,0.0,5.985,96.0785,19.7633,2019,4,27,Saturday
459-50-7686,A,C1728,Yangon,Normal,Female,Electronic accessories,23.46,6,7.038,140.76,2019-01-15,19:14,Ewallet,140.76,4.761904762,0.0,6.4,96.1735,16.8409,2019,1,15,Tuesday
616-87-0016,A,C1209,Mandalay,Normal,Male,Fashion accessories,95.54,10,47.77,955.4,2019-06-14,14:36,Credit card,668.78,4.761904762,286.62,10.0,96.0891,21.9588,2019,6,14,Friday
837-55-7229,A,C1282,Mandalay,Normal,Female,Fashion accessories,47.44,1,2.372,47.44,2019-09-09,18:19,Credit card,47.44,4.761904762,0.0,8.16,96.0891,21.9588,2019,9,9,Monday
751-69-0068,A,C1313,Naypyitaw,Normal,Male,Sports and travel,99.24,11,54.582,1091.64,2019-04-19,19:09,Ewallet,893.16,4.761904762,198.48,9.45,96.0785,19.7633,2019,4,19,Friday
257-73-1380,A,C1321,Naypyitaw,Normal,Male,Sports and travel,82.93,5,20.7325,414.65,2019-09-08,16:51,Ewallet,331.72,4.761904762,82.93,10.0,96.0785,19.7633,2019,9,8,Sunday
345-08-4992,A,C1858,Yangon,Normal,Male,Home and lifestyle,33.99,6,10.197,203.94,2019-07-07,15:37,Credit card,203.94,4.761904762,0.0,7.7,96.1735,16.8409,2019,7,7,Sunday
549-96-4200,A,C1437,Naypyitaw,Normal,Male,Food and beverages,17.04,5,4.26,85.2,2019-06-12,20:15,Ewallet,68.16,4.761904762,17.04,7.35,96.0785,19.7633,2019,6,12,Wednesday
810-60-6344,A,C1332,Naypyitaw,Normal,Female,Health and beauty,40.86,10,20.43,408.6,2019-11-12,14:38,Credit card,326.88,4.761904762,81.72,6.825,96.0785,19.7633,2019,11,12,Tuesday
450-28-2866,A,C1479,Naypyitaw,Normal,Male,Health and beauty,17.44,6,5.232,104.64,2019-12-27,19:25,Cash,87.2,4.761904762,17.44,8.505,96.0785,19.7633,2019,12,27,Friday
138-17-5109,A,C1829,Yangon,Member,Female,Health and beauty,89.21,13,57.9865,1159.73,2019-01-22,15:42,Credit card,802.89,4.761904762,356.84,6.5,96.1735,16.8409,2019,1,22,Tuesday
192-98-7397,A,C1401,Naypyitaw,Normal,Male,Health and beauty,12.78,1,0.639,12.78,2019-11-08,14:11,Ewallet,12.78,4.761904762,0.0,9.975,96.0785,19.7633,2019,11,8,Friday
301-11-9629,A,C1795,Yangon,Normal,Female,Health and beauty,19.1,7,6.685,133.7,2019-10-26,10:43,Cash,133.7,4.761904762,0.0,9.7,96.1735,16.8409,2019,10,26,Saturday
390-80-5128,A,C1284,Mandalay,Member,Female,Health and beauty,19.15,1,0.9575,19.15,2019-10-10,17:58,Credit card,19.15,4.761904762,0.0,10.0,96.0891,21.9588,2019,10,10,Thursday
235-46-8343,A,C1486,Naypyitaw,Member,Male,Food and beverages,27.66,17,23.511,470.22,2019-12-21,11:26,Credit card,276.6,4.761904762,193.62,9.345,96.0785,19.7633,2019,12,21,Saturday
453-12-7053,A,C1425,Naypyitaw,Normal,Male,Fashion accessories,45.74,4,9.148,182.96,2019-06-21,17:38,Credit card,137.22,4.761904762,45.74,6.825,96.0785,19.7633,2019,6,21,Friday
296-11-7041,A,C1267,Mandalay,Member,Female,Health and beauty,27.07,1,1.3535,27.07,2019-11-06,20:07,Credit card,27.07,4.761904762,0.0,6.36,96.0891,21.9588,2019,11,6,Wednesday
449-27-2918,A,C1204,Mandalay,Member,Female,Fashion accessories,39.12,1,1.956,39.12,2019-02-16,11:02,Credit card,39.12,4.761904762,0.0,10.0,96.0891,21.9588,2019,2,16,Saturday
891-01-7034,A,C1210,Mandalay,Normal,Female,Fashion accessories,74.71,8,29.884,597.68,2019-12-11,19:07,Cash,448.26,4.761904762,149.42,8.04,96.0891,21.9588,2019,12,11,Wednesday
744-09-5786,A,C1268,Mandalay,Normal,Male,Fashion accessories,22.01,8,8.804,176.08,2019-02-16,18:50,Cash,132.06,4.761904762,44.02,9.12,96.0891,21.9588,2019,2,16,Saturday
727-17-0390,A,C1735,Yangon,Normal,Female,Fashion accessories,63.61,5,15.9025,318.05,2019-02-12,12:43,Ewallet,318.05,4.761904762,0.0,4.8,96.1735,16.8409,2019,2,12,Tuesday
568-88-3448,A,C1821,Yangon,Normal,Male,Fashion accessories,25.0,1,1.25,25.0,2019-01-10,15:09,Ewallet,25.0,4.761904762,0.0,5.5,96.1735,16.8409,2019,1,10,Thursday
187-83-5490,A,C1820,Yangon,Member,Male,Fashion accessories,20.77,6,6.231,124.62,2019-10-28,13:47,Cash,83.08,4.761904762,41.54,4.7,96.1735,16.8409,2019,10,28,Monday
767-54-1907,A,C1234,Mandalay,Member,Female,Fashion accessories,29.56,10,14.78,295.6,2019-12-22,16:59,Cash,147.8,4.761904762,147.8,8.28,96.0891,21.9588,2019,12,22,Sunday
533-33-5337,A,C1259,Mandalay,Normal,Male,Fashion accessories,79.39,14,55.573,1111.46,2019-03-30,20:24,Cash,793.9,4.761904762,317.56,7.44,96.0891,21.9588,2019,3,30,Saturday
325-90-8763,A,C1495,Naypyitaw,Member,Female,Fashion accessories,46.57,17,39.5845,791.69,2019-04-12,13:58,Cash,465.7,4.761904762,325.99,7.98,96.0785,19.7633,2019,4,12,Friday
729-46-7422,A,C1356,Naypyitaw,Normal,Male,Fashion accessories,35.89,1,1.7945,35.89,2019-01-02,16:52,Credit card,35.89,4.761904762,0.0,8.295,96.0785,19.7633,2019,1,2,Wednesday
639-76-1242,A,C1466,Naypyitaw,Normal,Male,Fashion accessories,40.52,6,12.156,243.12,2019-11-26,15:19,Cash,202.6,4.761904762,40.52,4.725,96.0785,19.7633,2019,11,26,Tuesday
326-71-2155,A,C1352,Naypyitaw,Normal,Female,Sports and travel,73.95,5,18.4875,369.75,2019-10-26,10:02,Cash,295.8,4.761904762,73.95,6.405,96.0785,19.7633,2019,10,26,Saturday
320-32-8842,A,C1480,Naypyitaw,Member,Female,Food and beverages,22.62,1,1.131,22.62,2019-06-12,18:58,Cash,22.62,4.761904762,0.0,6.72,96.0785,19.7633,2019,6,12,Wednesday
470-32-9057,A,C1624,Yangon,Member,Male,Food and beverages,51.34,7,17.969,359.38,2019-07-31,15:31,Credit card,256.7,4.761904762,102.68,9.1,96.1735,16.8409,2019,7,31,Wednesday
878-30-2331,A,C1401,Naypyitaw,Member,Female,Sports and travel,54.55,17,46.3675,927.35,2019-05-19,11:22,Credit card,545.5,4.761904762,381.85,7.455,96.0785,19.7633,2019,5,19,Sunday
440-59-5691,A,C1447,Naypyitaw,Member,Female,Health and beauty,37.15,11,20.4325,408.65,2019-06-11,13:12,Credit card,260.05,4.761904762,148.6,8.085,96.0785,19.7633,2019,6,11,Tuesday
554-53-3790,A,C1257,Mandalay,Normal,Male,Sports and travel,37.02,8,14.808,296.16,2019-08-17,18:33,Cash,222.12,4.761904762,74.04,5.4,96.0891,21.9588,2019,8,17,Saturday
746-19-0921,A,C1482,Naypyitaw,Normal,Male,Food and beverages,21.58,1,1.079,21.58,2019-11-10,10:02,Ewallet,21.58,4.761904762,0.0,7.56,96.0785,19.7633,2019,11,10,Sunday
233-34-0817,A,C1353,Naypyitaw,Member,Female,Electronic accessories,98.84,1,4.942,98.84,2019-05-29,11:21,Cash,98.84,4.761904762,0.0,8.82,96.0785,19.7633,2019,5,29,Wednesday
767-05-1286,A,C1335,Naypyitaw,Member,Female,Home and lifestyle,83.77,10,41.885,837.7,2019-08-26,12:10,Ewallet,502.62,4.761904762,335.08,5.67,96.0785,19.7633,2019,8,26,Monday
340-21-9136,A,C1855,Yangon,Member,Female,Sports and travel,40.05,6,12.015,240.3,2019-07-13,11:40,Cash,160.2,4.761904762,80.1,9.7,96.1735,16.8409,2019,7,13,Saturday
405-31-3305,A,C1622,Yangon,Member,Male,Fashion accessories,43.13,14,30.191,603.82,2019-10-25,18:31,Credit card,431.3,4.761904762,172.52,5.5,96.1735,16.8409,2019,10,25,Friday
731-59-7531,A,C1213,Mandalay,Member,Male,Health and beauty,72.57,15,54.4275,1088.55,2019-05-23,17:58,Cash,580.56,4.761904762,507.99,5.52,96.0891,21.9588,2019,5,23,Thursday
676-39-6028,A,C1884,Yangon,Member,Female,Electronic accessories,64.44,7,22.554,451.08,2019-06-14,17:04,Cash,322.2,4.761904762,128.88,6.6,96.1735,16.8409,2019,6,14,Friday
502-05-1910,A,C1760,Yangon,Normal,Male,Health and beauty,65.18,3,9.777,195.54,2019-09-03,20:35,Credit card,195.54,4.761904762,0.0,6.3,96.1735,16.8409,2019,9,3,Tuesday
485-30-8700,A,C1803,Yangon,Normal,Female,Health and beauty,33.26,5,8.315,166.3,2019-12-06,16:10,Credit card,166.3,4.761904762,0.0,4.2,96.1735,16.8409,2019,12,6,Friday
598-47-9715,A,C1377,Naypyitaw,Normal,Male,Health and beauty,84.07,5,21.0175,420.35,2019-04-25,16:54,Ewallet,336.28,4.761904762,84.07,4.62,96.0785,19.7633,2019,4,25,Thursday
701-69-8742,A,C1249,Mandalay,Normal,Male,Health and beauty,34.37,14,24.059,481.18,2019-11-26,10:11,Ewallet,343.7,4.761904762,137.48,8.04,96.0891,21.9588,2019,11,26,Tuesday
575-67-1508,A,C1699,Yangon,Normal,Male,Health and beauty,38.6,1,1.93,38.6,2019-03-24,11:26,Ewallet,38.6,4.761904762,0.0,6.7,96.1735,16.8409,2019,3,24,Sunday
541-08-3113,A,C1423,Naypyitaw,Normal,Male,Health and beauty,65.97,10,32.985,659.7,2019-11-03,20:29,Cash,527.76,4.761904762,131.94,8.82,96.0785,19.7633,2019,11,3,Sunday
246-11-3901,A,C1498,Naypyitaw,Normal,Female,Health and beauty,32.8,12,19.68,393.6,2019-08-27,12:12,Cash,328.0,4.761904762,65.6,6.51,96.0785,19.7633,2019,8,27,Tuesday
674-15-9296,A,C1818,Yangon,Normal,Male,Health and beauty,37.14,5,9.285,185.7,2019-03-03,13:05,Ewallet,185.7,4.761904762,0.0,5.0,96.1735,16.8409,2019,3,3,Sunday
305-18-3552,A,C1265,Mandalay,Member,Male,Health and beauty,60.38,20,60.38,1207.6,2019-10-31,16:19,Cash,603.8,4.761904762,603.8,7.2,96.0891,21.9588,2019,10,31,Thursday
493-65-6248,A,C1358,Naypyitaw,Member,Female,Health and beauty,36.98,17,31.433,628.66,2019-06-13,19:48,Credit card,369.8,4.761904762,258.86,7.35,96.0785,19.7633,2019,6,13,Thursday
438-01-4015,A,C1252,Mandalay,Member,Female,Health and beauty,49.49,8,19.796,395.92,2019-12-18,15:25,Ewallet,197.96,4.761904762,197.96,7.92,96.0891,21.9588,2019,12,18,Wednesday
709-58-4068,A,C1290,Mandalay,Normal,Female,Health and beauty,41.09,14,28.763,575.26,2019-12-28,14:42,Cash,410.9,4.761904762,164.36,8.76,96.0891,21.9588,2019,12,28,Saturday
795-49-7276,A,C1615,Yangon,Normal,Male,Fashion accessories,37.15,4,7.43,148.6,2019-11-29,18:59,Ewallet,148.6,4.761904762,0.0,8.3,96.1735,16.8409,2019,11,29,Friday
556-72-8512,A,C1384,Naypyitaw,Normal,Male,Home and lifestyle,22.96,1,1.148,22.96,2019-06-04,20:47,Cash,22.96,4.761904762,0.0,4.515,96.0785,19.7633,2019,6,4,Tuesday
686-41-0932,A,C1203,Mandalay,Normal,Female,Fashion accessories,34.7,3,5.205,104.1,2019-03-18,19:48,Ewallet,69.4,4.761904762,34.7,9.84,96.0891,21.9588,2019,3,18,Monday
510-09-5628,A,C1853,Yangon,Member,Female,Fashion accessories,19.66,14,13.762,275.24,2019-08-13,18:20,Credit card,196.6,4.761904762,78.64,7.2,96.1735,16.8409,2019,8,13,Tuesday
608-04-3797,A,C1262,Mandalay,Member,Female,Health and beauty,25.32,15,18.99,379.8,2019-01-15,20:24,Ewallet,202.56,4.761904762,177.24,10.0,96.0891,21.9588,2019,1,15,Tuesday
148-82-2527,A,C1473,Naypyitaw,Member,Female,Home and lifestyle,12.12,17,10.302,206.04,2019-06-12,13:44,Credit card,121.2,4.761904762,84.84,8.82,96.0785,19.7633,2019,6,12,Wednesday
437-53-3084,A,C1295,Mandalay,Normal,Male,Fashion accessories,99.89,3,14.9835,299.67,2019-09-02,11:48,Ewallet,199.78,4.761904762,99.89,8.52,96.0891,21.9588,2019,9,2,Monday
632-32-4574,A,C1294,Mandalay,Normal,Male,Sports and travel,75.92,11,41.756,835.12,2019-11-14,14:14,Cash,607.36,4.761904762,227.76,6.6,96.0891,21.9588,2019,11,14,Thursday
556-97-7101,A,C1463,Naypyitaw,Normal,Female,Electronic accessories,63.22,2,6.322,126.44,2019-12-12,15:51,Cash,126.44,4.761904762,0.0,8.925,96.0785,19.7633,2019,12,12,Thursday
862-59-8517,A,C1356,Naypyitaw,Normal,Female,Food and beverages,90.24,7,31.584,631.68,2019-04-04,11:17,Cash,541.44,4.761904762,90.24,6.51,96.0785,19.7633,2019,4,4,Thursday
401-18-8016,A,C1261,Mandalay,Member,Female,Sports and travel,98.13,1,4.9065,98.13,2019-05-11,17:36,Cash,98.13,4.761904762,0.0,7.455,96.0891,21.9588,2019,5,11,Saturday
420-18-8989,A,C1647,Yangon,Member,Female,Sports and travel,51.52,11,28.336,566.72,2019-05-31,15:47,Cash,412.16,4.761904762,154.56,7.455,96.1735,16.8409,2019,5,31,Friday
277-63-2961,A,C1223,Mandalay,Member,Male,Sports and travel,73.97,1,3.6985,73.97,2019-07-13,15:53,Credit card,73.97,4.761904762,0.0,7.455,96.0891,21.9588,2019,7,13,Saturday
573-98-8548,A,C1307,Naypyitaw,Member,Female,Fashion accessories,31.9,1,1.595,31.9,2019-07-30,12:40,Ewallet,31.9,4.761904762,0.0,7.455,96.0785,19.7633,2019,7,30,Tuesday
620-02-2046,C,C1368,Naypyitaw,Normal,Male,Home and lifestyle,69.4,2,6.94,138.8,2019-08-30,19:48,Ewallet,138.8,4.761904762,0.0,7.455,96.0785,19.7633,2019,8,30,Friday
282-35-2475,B,C1221,Mandalay,Normal,Female,Sports and travel,93.31,3,13.9965,279.93,2019-08-04,17:53,Cash,186.62,4.761904762,93.31,7.455,96.0891,21.9588,2019,8,4,Sunday
511-54-3087,B,C1289,Mandalay,Normal,Male,Sports and travel,88.45,1,4.4225,88.45,2019-07-17,16:36,Credit card,88.45,4.761904762,0.0,7.455,96.0891,21.9588,2019,7,17,Wednesday
726-29-6793,A,C1867,Yangon,Member,Male,Electronic accessories,24.18,11,13.299,265.98,2019-10-20,20:54,Ewallet,193.44,4.761904762,72.54,7.455,96.1735,16.8409,2019,10,20,Sunday
387-49-4215,B,C1218,Mandalay,Member,Female,Sports and travel,48.5,6,14.55,291.0,2019-12-21,12:50,Cash,145.5,4.761904762,145.5,7.455,96.0891,21.9588,2019,12,21,Saturday
862-17-9201,B,C1262,Mandalay,Normal,Female,Food and beverages,84.05,8,33.62,672.4,2019-04-29,10:48,Credit card,504.3,4.761904762,168.1,7.455,96.0891,21.9588,2019,4,29,Monday
291-21-5991,B,C1209,Mandalay,Member,Male,Sports and travel,61.29,10,30.645,612.9,2019-10-24,14:28,Cash,306.45,4.761904762,306.45,8.4,96.0891,21.9588,2019,10,24,Thursday
602-80-9671,C,C1474,Naypyitaw,Member,Female,Sports and travel,15.95,10,7.975,159.5,2019-09-12,17:15,Credit card,95.7,4.761904762,63.8,5.355,96.0785,19.7633,2019,9,12,Thursday
347-72-6115,B,C1228,Mandalay,Member,Female,Sports and travel,90.74,14,63.518,1270.36,2019-03-13,18:03,Credit card,635.18,4.761904762,635.18,7.44,96.0891,21.9588,2019,3,13,Wednesday
209-61-0206,A,C1748,Yangon,Normal,Female,Sports and travel,42.91,5,10.7275,214.55,2019-09-16,17:29,Ewallet,214.55,4.761904762,0.0,6.1,96.1735,16.8409,2019,9,16,Monday
595-27-4851,A,C1749,Yangon,Normal,Female,Sports and travel,54.28,7,18.998,379.96,2019-10-11,18:05,Ewallet,379.96,4.761904762,0.0,9.3,96.1735,16.8409,2019,10,11,Friday
189-52-0236,A,C1638,Yangon,Normal,Male,Electronic accessories,99.55,7,34.8425,696.85,2019-05-03,12:07,Cash,696.85,4.761904762,0.0,7.6,96.1735,16.8409,2019,5,3,Friday
503-07-0930,C,C1369,Naypyitaw,Member,Male,Sports and travel,58.39,11,32.1145,642.29,2019-08-07,19:49,Credit card,408.73,4.761904762,233.56,8.61,96.0785,19.7633,2019,8,7,Wednesday
413-20-6708,C,C1477,Naypyitaw,Member,Female,Fashion accessories,51.47,1,2.5735,51.47,2019-06-06,15:52,Ewallet,51.47,4.761904762,0.0,8.925,96.0785,19.7633,2019,6,6,Thursday
425-85-2085,B,C1298,Mandalay,Member,Male,Health and beauty,54.86,10,27.43,548.6,2019-09-06,16:48,Ewallet,274.3,4.761904762,274.3,10.0,96.0891,21.9588,2019,9,6,Friday
521-18-7827,C,C1417,Naypyitaw,Member,Male,Home and lifestyle,39.39,8,15.756,315.12,2019-03-15,20:46,Credit card,196.95,4.761904762,118.17,9.135,96.0785,19.7633,2019,3,15,Friday
220-28-1851,A,C1781,Yangon,Normal,Male,Home and lifestyle,34.73,2,3.473,69.46,2019-08-09,18:14,Ewallet,69.46,4.761904762,0.0,9.7,96.1735,16.8409,2019,8,9,Friday
600-38-9738,C,C1476,Naypyitaw,Member,Male,Sports and travel,71.92,8,28.768,575.36,2019-10-26,15:05,Credit card,359.6,4.761904762,215.76,4.515,96.0785,19.7633,2019,10,26,Saturday
734-91-1155,B,C1238,Mandalay,Normal,Female,Electronic accessories,45.71,4,9.142,182.84,2019-01-05,10:34,Credit card,137.13,4.761904762,45.71,9.24,96.0891,21.9588,2019,1,5,Saturday
451-28-5717,C,C1328,Naypyitaw,Member,Female,Home and lifestyle,83.17,10,41.585,831.7,2019-11-02,11:23,Cash,499.02,4.761904762,332.68,7.665,96.0785,19.7633,2019,11,2,Saturday
609-81-8548,A,C1676,Yangon,Member,Female,Home and lifestyle,37.44,8,14.976,299.52,2019-06-14,13:55,Credit card,224.64,4.761904762,74.88,5.9,96.1735,16.8409,2019,6,14,Friday
133-14-7229,C,C1375,Naypyitaw,Normal,Male,Health and beauty,62.87,2,6.287,125.74,2019-04-11,11:43,Cash,125.74,4.761904762,0.0,5.25,96.0785,19.7633,2019,4,11,Thursday
534-01-4457,A,C1801,Yangon,Normal,Male,Food and beverages,81.71,6,24.513,490.26,2019-11-30,14:36,Credit card,490.26,4.761904762,0.0,8.0,96.1735,16.8409,2019,11,30,Saturday
719-89-8991,A,C1795,Yangon,Member,Female,Sports and travel,91.41,7,31.9935,639.87,2019-09-27,16:03,Ewallet,457.05,4.761904762,182.82,7.1,96.1735,16.8409,2019,9,27,Friday
286-62-6248,B,C1282,Mandalay,Normal,Male,Fashion accessories,39.21,6,11.763,235.26,2019-02-20,20:03,Credit card,156.84,4.761904762,78.42,10.0,96.0891,21.9588,2019,2,20,Wednesday
339-38-9982,B,C1241,Mandalay,Member,Male,Fashion accessories,59.86,4,11.972,239.44,2019-08-23,14:55,Ewallet,119.72,4.761904762,119.72,8.04,96.0891,21.9588,2019,8,23,Friday
827-44-5872,B,C1202,Mandalay,Member,Female,Food and beverages,54.36,20,54.36,1087.2,2019-05-02,11:28,Credit card,543.6,4.761904762,543.6,7.32,96.0891,21.9588,2019,5,2,Thursday
827-77-7633,A,C1647,Yangon,Normal,Male,Sports and travel,98.09,9,44.1405,882.81,2019-01-09,19:41,Cash,882.81,4.761904762,0.0,9.3,96.1735,16.8409,2019,1,9,Wednesday
287-83-1405,A,C1800,Yangon,Normal,Male,Health and beauty,25.43,6,7.629,152.58,2019-11-03,19:01,Ewallet,152.58,4.761904762,0.0,7.0,96.1735,16.8409,2019,11,3,Sunday
435-13-4908,A,C1702,Yangon,Member,Male,Fashion accessories,86.68,11,47.674,953.48,2019-03-04,18:04,Credit card,693.44,4.761904762,260.04,7.2,96.1735,16.8409,2019,3,4,Monday
857-67-9057,B,C1239,Mandalay,Normal,Male,Electronic accessories,22.95,14,16.065,321.3,2019-02-23,19:20,Ewallet,229.5,4.761904762,91.8,9.84,96.0891,21.9588,2019,2,23,Saturday
236-27-1144,C,C1448,Naypyitaw,Normal,Female,Food and beverages,16.31,11,8.9705,179.41,2019-02-04,10:31,Ewallet,146.79,4.761904762,32.62,8.82,96.0785,19.7633,2019,2,4,Monday
892-05-6689,A,C1685,Yangon,Normal,Female,Home and lifestyle,28.32,5,7.08,141.6,2019-08-19,13:28,Ewallet,141.6,4.761904762,0.0,6.2,96.1735,16.8409,2019,8,19,Monday
583-41-4548,C,C1330,Naypyitaw,Normal,Male,Home and lifestyle,16.67,8,6.668,133.36,2019-10-15,11:36,Ewallet,116.69,4.761904762,16.67,7.77,96.0785,19.7633,2019,10,15,Tuesday
339-12-4827,B,C1239,Mandalay,Member,Female,Fashion accessories,73.96,1,3.698,73.96,2019-02-17,11:32,Credit card,73.96,4.761904762,0.0,6.0,96.0891,21.9588,2019,2,17,Sunday
643-38-7867,A,C1606,Yangon,Normal,Male,Home and lifestyle,97.94,1,4.897,97.94,2019-01-03,11:44,Ewallet,97.94,4.761904762,0.0,6.9,96.1735,16.8409,2019,1,3,Thursday
308-81-0538,A,C1813,Yangon,Normal,Female,Fashion accessories,73.05,4,14.61,292.2,2019-12-12,17:16,Credit card,292.2,4.761904762,0.0,4.9,96.1735,16.8409,2019,12,12,Thursday
358-88-9262,C,C1409,Naypyitaw,Member,Female,Food and beverages,87.48,10,43.74,874.8,2019-04-21,18:43,Ewallet,524.88,4.761904762,349.92,5.355,96.0785,19.7633,2019,4,21,Sunday
460-35-4390,A,C1795,Yangon,Normal,Male,Home and lifestyle,30.68,3,4.602,92.04,2019-09-09,11:00,Ewallet,92.04,4.761904762,0.0,9.1,96.1735,16.8409,2019,9,9,Monday
343-87-0864,C,C1464,Naypyitaw,Member,Male,Health and beauty,75.88,1,3.794,75.88,2019-11-27,10:30,Credit card,75.88,4.761904762,0.0,7.455,96.0785,19.7633,2019,11,27,Wednesday
173-50-1108,B,C1245,Mandalay,Member,Female,Sports and travel,20.18,8,8.072,161.44,2019-07-10,12:14,Credit card,80.72,4.761904762,80.72,6.0,96.0891,21.9588,2019,7,10,Wednesday
243-47-2663,C,C1407,Naypyitaw,Member,Male,Electronic accessories,18.77,10,9.385,187.7,2019-03-24,16:43,Credit card,112.62,4.761904762,75.08,5.775,96.0785,19.7633,2019,3,24,Sunday
841-18-8232,B,C1268,Mandalay,Normal,Female,Food and beverages,71.2,1,3.56,71.2,2019-06-01,20:40,Credit card,71.2,4.761904762,0.0,10.0,96.0891,21.9588,2019,6,1,Saturday
701-23-5550,B,C1205,Mandalay,Member,Male,Sports and travel,38.81,8,15.524,310.48,2019-10-26,13:40,Ewallet,155.24,4.761904762,155.24,5.88,96.0891,21.9588,2019,10,26,Saturday
647-50-1224,A,C1898,Yangon,Normal,Female,Sports and travel,29.42,10,14.71,294.2,2019-09-05,16:23,Ewallet,294.2,4.761904762,0.0,8.9,96.1735,16.8409,2019,9,5,Thursday
541-48-8554,A,C1641,Yangon,Normal,Male,Sports and travel,60.95,9,27.4275,548.55,2019-07-28,12:08,Credit card,548.55,4.761904762,0.0,6.0,96.1735,16.8409,2019,7,28,Sunday
539-21-7227,B,C1275,Mandalay,Normal,Female,Sports and travel,51.54,7,18.039,360.78,2019-04-28,17:45,Cash,257.7,4.761904762,103.08,5.04,96.0891,21.9588,2019,4,28,Sunday
213-32-1216,A,C1805,Yangon,Normal,Female,Sports and travel,66.06,6,19.818,396.36,2019-01-18,10:28,Cash,396.36,4.761904762,0.0,7.3,96.1735,16.8409,2019,1,18,Friday
747-58-7183,B,C1208,Mandalay,Normal,Male,Sports and travel,57.27,4,11.454,229.08,2019-02-16,20:31,Ewallet,171.81,4.761904762,57.27,7.8,96.0891,21.9588,2019,2,16,Saturday
582-52-8065,B,C1246,Mandalay,Normal,Female,Sports and travel,54.31,13,35.3015,706.03,2019-09-30,10:49,Cash,488.79,4.761904762,217.24,10.0,96.0891,21.9588,2019,9,30,Monday
210-57-1719,B,C1244,Mandalay,Normal,Female,Sports and travel,58.24,13,37.856,757.12,2019-12-28,12:34,Cash,524.16,4.761904762,232.96,10.0,96.0891,21.9588,2019,12,28,Saturday
399-69-4630,C,C1336,Naypyitaw,Normal,Male,Sports and travel,22.21,7,7.7735,155.47,2019-01-24,10:23,Credit card,133.26,4.761904762,22.21,9.03,96.0785,19.7633,2019,1,24,Thursday
134-75-2619,A,C1626,Yangon,Member,Male,Sports and travel,19.32,10,9.66,193.2,2019-03-31,18:51,Cash,135.24,4.761904762,57.96,6.9,96.1735,16.8409,2019,3,31,Sunday
356-44-8813,B,C1283,Mandalay,Normal,Male,Home and lifestyle,37.48,4,7.496,149.92,2019-05-26,13:45,Credit card,112.44,4.761904762,37.48,9.24,96.0891,21.9588,2019,5,26,Sunday
198-66-9832,B,C1250,Mandalay,Member,Female,Fashion accessories,72.04,4,14.408,288.16,2019-06-23,19:38,Cash,144.08,4.761904762,144.08,10.0,96.0891,21.9588,2019,6,23,Sunday
712-39-0363,A,C1835,Yangon,Member,Male,Food and beverages,41.66,8,16.664,333.28,2019-04-09,15:24,Ewallet,249.96,4.761904762,83.32,5.6,96.1735,16.8409,2019,4,9,Tuesday
218-59-9410,A,C1890,Yangon,Member,Female,Home and lifestyle,72.42,4,14.484,289.68,2019-07-02,16:54,Ewallet,217.26,4.761904762,72.42,8.2,96.1735,16.8409,2019,7,2,Tuesday
174-75-0888,B,C1214,Mandalay,Normal,Male,Electronic accessories,21.58,13,14.027,280.54,2019-07-25,12:32,Cash,194.22,4.761904762,86.32,8.76,96.0891,21.9588,2019,7,25,Thursday
866-99-7614,C,C1410,Naypyitaw,Normal,Male,Food and beverages,89.2,12,53.52,1070.4,2019-09-14,15:42,Credit card,892.0,4.761904762,178.4,4.62,96.0785,19.7633,2019,9,14,Saturday
134-54-4720,B,C1264,Mandalay,Normal,Female,Electronic accessories,42.42,11,23.331,466.62,2019-03-04,13:58,Ewallet,339.36,4.761904762,127.26,6.84,96.0891,21.9588,2019,3,4,Monday
760-90-2357,A,C1728,Yangon,Member,Male,Electronic accessories,74.51,8,29.804,596.08,2019-07-25,15:08,Ewallet,447.06,4.761904762,149.02,5.0,96.1735,16.8409,2019,7,25,Thursday
514-37-2845,B,C1229,Mandalay,Normal,Male,Fashion accessories,99.25,3,14.8875,297.75,2019-10-16,13:02,Cash,198.5,4.761904762,99.25,10.0,96.0891,21.9588,2019,10,16,Wednesday
698-98-5964,A,C1870,Yangon,Normal,Female,Food and beverages,81.21,10,40.605,812.1,2019-04-09,13:01,Credit card,812.1,4.761904762,0.0,6.3,96.1735,16.8409,2019,4,9,Tuesday
718-57-9773,C,C1489,Naypyitaw,Normal,Female,Sports and travel,49.33,12,29.598,591.96,2019-11-29,16:40,Credit card,493.3,4.761904762,98.66,9.87,96.0785,19.7633,2019,11,29,Friday
651-88-7328,A,C1690,Yangon,Normal,Female,Fashion accessories,65.74,9,29.583,591.66,2019-12-11,13:55,Cash,591.66,4.761904762,0.0,7.7,96.1735,16.8409,2019,12,11,Wednesday
241-11-2261,B,C1216,Mandalay,Normal,Female,Fashion accessories,79.86,10,39.93,798.6,2019-04-20,10:33,Credit card,559.02,4.761904762,239.58,6.6,96.0891,21.9588,2019,4,20,Saturday
408-26-9866,C,C1484,Naypyitaw,Normal,Female,Sports and travel,73.98,8,29.592,591.84,2019-05-29,16:42,Ewallet,517.86,4.761904762,73.98,4.305,96.0785,19.7633,2019,5,29,Wednesday
834-83-1826,B,C1295,Mandalay,Member,Female,Home and lifestyle,82.04,10,41.02,820.4,2019-09-13,17:16,Credit card,410.2,4.761904762,410.2,9.12,96.0891,21.9588,2019,9,13,Friday
343-61-3544,B,C1272,Mandalay,Member,Male,Fashion accessories,26.67,20,26.67,533.4,2019-09-20,11:48,Cash,266.7,4.761904762,266.7,10.0,96.0891,21.9588,2019,9,20,Friday
239-48-4278,A,C1826,Yangon,Member,Male,Fashion accessories,10.13,10,5.065,101.3,2019-08-04,19:35,Ewallet,70.91,4.761904762,30.39,8.3,96.1735,16.8409,2019,8,4,Sunday
355-34-6244,B,C1267,Mandalay,Normal,Male,Fashion accessories,72.39,3,10.8585,217.17,2019-04-25,19:55,Credit card,144.78,4.761904762,72.39,7.455,96.0891,21.9588,2019,4,25,Thursday
550-84-8664,A,C1721,Yangon,Normal,Male,Fashion accessories,85.91,5,21.4775,429.55,2019-01-21,14:33,Credit card,429.55,4.761904762,0.0,7.455,96.1735,16.8409,2019,1,21,Monday
339-96-8318,B,C1205,Mandalay,Member,Male,Fashion accessories,81.31,14,56.917,1138.34,2019-12-16,19:49,Ewallet,569.17,4.761904762,569.17,7.455,96.0891,21.9588,2019,12,16,Monday
458-61-0011,B,C1224,Mandalay,Normal,Male,Fashion accessories,60.3,6,18.09,361.8,2019-06-19,18:43,Cash,241.2,4.761904762,120.6,7.455,96.0891,21.9588,2019,6,19,Wednesday
592-34-6155,C,C1407,Naypyitaw,Normal,Male,Fashion accessories,31.77,5,7.9425,158.85,2019-01-10,14:43,Ewallet,127.08,4.761904762,31.77,7.455,96.0785,19.7633,2019,1,10,Thursday
797-88-0493,A,C1843,Yangon,Normal,Female,Fashion accessories,64.27,4,12.854,257.08,2019-12-12,13:54,Cash,257.08,4.761904762,0.0,7.455,96.1735,16.8409,2019,12,12,Thursday
207-73-1363,B,C1293,Mandalay,Normal,Male,Fashion accessories,69.51,3,10.4265,208.53,2019-11-11,12:15,Ewallet,139.02,4.761904762,69.51,7.455,96.0891,21.9588,2019,11,11,Monday
390-31-6381,C,C1461,Naypyitaw,Normal,Male,Food and beverages,27.22,4,5.444,108.88,2019-09-28,12:37,Cash,81.66,4.761904762,27.22,7.455,96.0785,19.7633,2019,9,28,Saturday
443-82-0585,A,C1837,Yangon,Member,Female,Health and beauty,77.68,6,23.304,466.08,2019-05-17,19:54,Cash,310.72,4.761904762,155.36,8.4,96.1735,16.8409,2019,5,17,Friday
339-18-7061,C,C1419,Naypyitaw,Member,Female,Fashion accessories,92.98,3,13.947,278.94,2019-09-06,15:06,Credit card,185.96,4.761904762,92.98,8.4,96.0785,19.7633,2019,9,6,Friday
359-90-3665,B,C1235,Mandalay,Member,Female,Sports and travel,18.08,8,7.232,144.64,2019-05-02,18:03,Credit card,72.32,4.761904762,72.32,10.0,96.0891,21.9588,2019,5,2,Thursday
375-72-3056,B,C1256,Mandalay,Normal,Male,Sports and travel,63.06,4,12.612,252.24,2019-07-16,15:58,Ewallet,189.18,4.761904762,63.06,8.4,96.0891,21.9588,2019,7,16,Tuesday
127-47-6963,A,C1778,Yangon,Normal,Male,Sports and travel,51.71,4,10.342,206.84,2019-11-04,13:53,Credit card,206.84,4.761904762,0.0,9.8,96.1735,16.8409,2019,11,4,Monday
278-86-2735,A,C1660,Yangon,Normal,Female,Sports and travel,52.34,3,7.851,157.02,2019-03-07,14:03,Cash,157.02,4.761904762,0.0,9.2,96.1735,16.8409,2019,3,7,Thursday
695-28-6250,A,C1615,Yangon,Normal,Female,Sports and travel,43.06,5,10.765,215.3,2019-01-19,16:38,Ewallet,215.3,4.761904762,0.0,7.7,96.1735,16.8409,2019,1,19,Saturday
379-17-6588,C,C1487,Naypyitaw,Normal,Male,Sports and travel,59.61,12,35.766,715.32,2019-03-18,11:07,Cash,596.1,4.761904762,119.22,5.565,96.0785,19.7633,2019,3,18,Monday
227-50-3718,A,C1744,Yangon,Normal,Male,Sports and travel,14.62,5,3.655,73.1,2019-07-29,12:23,Cash,73.1,4.761904762,0.0,4.4,96.1735,16.8409,2019,7,29,Monday
302-15-2162,C,C1494,Naypyitaw,Member,Male,Health and beauty,46.53,10,23.265,465.3,2019-04-23,10:54,Credit card,279.18,4.761904762,186.12,4.515,96.0785,19.7633,2019,4,23,Tuesday
788-07-8452,C,C1421,Naypyitaw,Member,Female,Home and lifestyle,24.24,11,13.332,266.64,2019-11-20,17:38,Ewallet,169.68,4.761904762,96.96,9.87,96.0785,19.7633,2019,11,20,Wednesday
560-49-6611,A,C1868,Yangon,Member,Female,Sports and travel,45.58,1,2.279,45.58,2019-07-26,14:13,Cash,45.58,4.761904762,0.0,9.8,96.1735,16.8409,2019,7,26,Friday
880-35-0356,A,C1771,Yangon,Member,Female,Sports and travel,75.2,4,15.04,300.8,2019-03-12,11:51,Ewallet,225.6,4.761904762,75.2,4.8,96.1735,16.8409,2019,3,12,Tuesday
585-11-6748,B,C1258,Mandalay,Member,Male,Sports and travel,96.8,6,29.04,580.8,2019-10-03,13:05,Cash,290.4,4.761904762,290.4,6.36,96.0891,21.9588,2019,10,3,Thursday
470-31-3286,B,C1213,Mandalay,Normal,Male,Health and beauty,14.82,4,2.964,59.28,2019-06-14,11:30,Credit card,44.46,4.761904762,14.82,10.0,96.0891,21.9588,2019,6,14,Friday
152-68-2907,A,C1706,Yangon,Normal,Male,Food and beverages,52.2,3,7.83,156.6,2019-12-15,13:30,Credit card,156.6,4.761904762,0.0,9.5,96.1735,16.8409,2019,12,15,Sunday
123-35-4896,C,C1457,Naypyitaw,Normal,Female,Sports and travel,46.66,11,25.663,513.26,2019-09-30,19:11,Ewallet,419.94,4.761904762,93.32,5.565,96.0785,19.7633,2019,9,30,Monday
258-69-7810,C,C1460,Naypyitaw,Normal,Female,Fashion accessories,36.85,6,11.055,221.1,2019-02-02,18:53,Cash,184.25,4.761904762,36.85,9.66,96.0785,19.7633,2019,2,2,Saturday
334-64-2006,A,C1729,Yangon,Member,Female,Home and lifestyle,70.32,3,10.548,210.96,2019-05-28,14:22,Ewallet,140.64,4.761904762,70.32,9.6,96.1735,16.8409,2019,5,28,Tuesday
219-61-4139,C,C1442,Naypyitaw,Normal,Male,Electronic accessories,83.08,1,4.154,83.08,2019-03-13,17:16,Ewallet,83.08,4.761904762,0.0,6.72,96.0785,19.7633,2019,3,13,Wednesday
881-41-7302,C,C1441,Naypyitaw,Normal,Female,Fashion accessories,64.99,1,3.2495,64.99,2019-07-27,10:06,Credit card,64.99,4.761904762,0.0,4.725,96.0785,19.7633,2019,7,27,Saturday
373-09-4567,C,C1383,Naypyitaw,Normal,Male,Food and beverages,77.56,12,46.536,930.72,2019-10-21,20:35,Ewallet,775.6,4.761904762,155.12,7.245,96.0785,19.7633,2019,10,21,Monday
642-30-6693,B,C1201,Mandalay,Normal,Female,Sports and travel,54.51,8,21.804,436.08,2019-09-16,13:54,Ewallet,327.06,4.761904762,109.02,9.36,96.0891,21.9588,2019,9,16,Monday
484-22-8230,C,C1413,Naypyitaw,Member,Female,Fashion accessories,51.89,11,28.5395,570.79,2019-04-10,20:08,Cash,363.23,4.761904762,207.56,4.725,96.0785,19.7633,2019,4,10,Wednesday
830-58-2383,B,C1212,Mandalay,Normal,Male,Home and lifestyle,31.75,6,9.525,190.5,2019-10-10,15:26,Cash,127.0,4.761904762,63.5,10.0,96.0891,21.9588,2019,10,10,Thursday
559-98-9873,A,C1784,Yangon,Member,Female,Fashion accessories,53.65,10,26.825,536.5,2019-03-19,12:56,Ewallet,375.55,4.761904762,160.95,5.2,96.1735,16.8409,2019,3,19,Tuesday
544-32-5024,C,C1401,Naypyitaw,Member,Female,Food and beverages,49.79,7,17.4265,348.53,2019-01-11,19:16,Credit card,199.16,4.761904762,149.37,6.72,96.0785,19.7633,2019,1,11,Friday
318-12-0304,A,C1621,Yangon,Normal,Male,Fashion accessories,30.61,1,1.5305,30.61,2019-07-27,12:20,Ewallet,30.61,4.761904762,0.0,5.2,96.1735,16.8409,2019,7,27,Saturday
349-97-8902,B,C1287,Mandalay,Member,Male,Food and beverages,57.89,4,11.578,231.56,2019-02-02,10:37,Ewallet,115.78,4.761904762,115.78,10.0,96.0891,21.9588,2019,2,2,Saturday
421-95-9805,A,C1725,Yangon,Normal,Female,Electronic accessories,28.96,1,1.448,28.96,2019-06-04,10:18,Credit card,28.96,4.761904762,0.0,6.2,96.1735,16.8409,2019,6,4,Tuesday
789-23-8625,B,C1224,Mandalay,Member,Male,Fashion accessories,93.22,6,27.966,559.32,2019-02-14,11:45,Cash,279.66,4.761904762,279.66,8.64,96.0891,21.9588,2019,2,14,Thursday
284-54-4231,C,C1333,Naypyitaw,Member,Male,Sports and travel,80.93,1,4.0465,80.93,2019-11-05,16:08,Credit card,80.93,4.761904762,0.0,9.45,96.0785,19.7633,2019,11,5,Tuesday
443-59-0061,A,C1675,Yangon,Member,Male,Food and beverages,67.45,14,47.215,944.3,2019-03-02,11:25,Ewallet,674.5,4.761904762,269.8,4.2,96.1735,16.8409,2019,3,2,Saturday
509-29-3912,A,C1852,Yangon,Member,Female,Sports and travel,38.72,13,25.168,503.36,2019-01-21,12:24,Ewallet,348.48,4.761904762,154.88,4.2,96.1735,16.8409,2019,1,21,Monday
327-40-9673,B,C1222,Mandalay,Member,Male,Sports and travel,72.6,11,39.93,798.6,2019-09-03,19:51,Cash,435.6,4.761904762,363.0,8.28,96.0891,21.9588,2019,9,3,Tuesday
840-19-2096,C,C1488,Naypyitaw,Member,Male,Electronic accessories,87.91,8,35.164,703.28,2019-04-22,18:10,Ewallet,439.55,4.761904762,263.73,4.62,96.0785,19.7633,2019,4,22,Monday
828-46-6863,A,C1705,Yangon,Member,Male,Food and beverages,98.53,8,39.412,788.24,2019-10-23,11:22,Credit card,591.18,4.761904762,197.06,4.0,96.1735,16.8409,2019,10,23,Wednesday
641-96-3695,C,C1312,Naypyitaw,Member,Female,Fashion accessories,43.46,10,21.73,434.6,2019-12-18,17:55,Ewallet,260.76,4.761904762,173.84,8.925,96.0785,19.7633,2019,12,18,Wednesday
420-97-3340,A,C1896,Yangon,Normal,Female,Food and beverages,71.68,3,10.752,215.04,2019-08-03,15:30,Credit card,215.04,4.761904762,0.0,9.2,96.1735,16.8409,2019,8,3,Saturday
436-54-4512,A,C1648,Yangon,Normal,Female,Sports and travel,91.61,1,4.5805,91.61,2019-01-13,19:44,Cash,91.61,4.761904762,0.0,9.8,96.1735,16.8409,2019,1,13,Sunday
670-79-6321,B,C1204,Mandalay,Normal,Female,Sports and travel,94.59,10,47.295,945.9,2019-01-28,15:27,Credit card,662.13,4.761904762,283.77,5.88,96.0891,21.9588,2019,1,28,Monday
852-62-7105,B,C1208,Mandalay,Normal,Female,Sports and travel,83.25,14,58.275,1165.5,2019-07-02,11:25,Credit card,832.5,4.761904762,333.0,5.28,96.0891,21.9588,2019,7,2,Tuesday
598-06-7312,B,C1256,Mandalay,Normal,Male,Sports and travel,91.35,1,4.5675,91.35,2019-11-06,15:42,Cash,91.35,4.761904762,0.0,8.16,96.0891,21.9588,2019,11,6,Wednesday
135-13-8269,B,C1263,Mandalay,Normal,Female,Sports and travel,78.88,3,11.832,236.64,2019-05-31,16:04,Cash,157.76,4.761904762,78.88,10.0,96.0891,21.9588,2019,5,31,Friday
816-57-2053,A,C1615,Yangon,Normal,Male,Sports and travel,60.87,2,6.087,121.74,2019-07-03,12:37,Ewallet,121.74,4.761904762,0.0,8.7,96.1735,16.8409,2019,7,3,Wednesday
628-90-8624,B,C1237,Mandalay,Normal,Male,Sports and travel,82.58,14,57.806,1156.12,2019-01-11,14:41,Cash,825.8,4.761904762,330.32,7.455,96.0891,21.9588,2019,1,11,Friday
856-66-2701,A,C1765,Yangon,Normal,Male,Sports and travel,53.3,3,7.995,159.9,2019-06-04,14:19,Ewallet,159.9,4.761904762,0.0,7.455,96.1735,16.8409,2019,6,4,Tuesday
308-39-1707,A,C1714,Yangon,Normal,Female,Sports and travel,12.09,1,0.6045,12.09,2019-07-23,18:19,Credit card,12.09,4.761904762,0.0,7.455,96.1735,16.8409,2019,7,23,Tuesday
149-61-1929,A,C1880,Yangon,Normal,Male,Sports and travel,64.19,10,32.095,641.9,2019-03-12,14:08,Credit card,641.9,4.761904762,0.0,7.455,96.1735,16.8409,2019,3,12,Tuesday
655-07-2265,A,C1673,Yangon,Normal,Male,Electronic accessories,78.31,3,11.7465,234.93,2019-08-02,16:38,Ewallet,234.93,4.761904762,0.0,7.455,96.1735,16.8409,2019,8,2,Friday
589-02-8023,A,C1859,Yangon,Normal,Male,Food and beverages,83.77,2,8.377,167.54,2019-01-24,10:54,Credit card,167.54,4.761904762,0.0,7.0,96.1735,16.8409,2019,1,24,Thursday
420-04-7590,B,C1271,Mandalay,Normal,Male,Home and lifestyle,99.7,4,19.94,398.8,2019-11-18,11:29,Ewallet,299.1,4.761904762,99.7,5.64,96.0891,21.9588,2019,11,18,Monday
182-88-2763,B,C1242,Mandalay,Normal,Male,Food and beverages,79.91,4,15.982,319.64,2019-11-12,19:28,Credit card,239.73,4.761904762,79.91,6.0,96.0891,21.9588,2019,11,12,Tuesday
188-55-0967,B,C1228,Mandalay,Normal,Male,Fashion accessories,66.47,14,46.529,930.58,2019-09-02,15:01,Credit card,664.7,4.761904762,265.88,6.0,96.0891,21.9588,2019,9,2,Monday
610-46-4100,A,C1720,Yangon,Normal,Male,Fashion accessories,28.95,7,10.1325,202.65,2019-05-20,20:31,Credit card,202.65,4.761904762,0.0,6.0,96.1735,16.8409,2019,5,20,Monday
318-81-2368,C,C1348,Naypyitaw,Normal,Female,Fashion accessories,46.2,1,2.31,46.2,2019-05-30,12:16,Cash,46.2,4.761904762,0.0,6.615,96.0785,19.7633,2019,5,30,Thursday
364-33-8584,B,C1267,Mandalay,Member,Female,Fashion accessories,17.63,10,8.815,176.3,2019-05-02,15:27,Cash,88.15,4.761904762,88.15,10.0,96.0891,21.9588,2019,5,2,Thursday
665-63-9737,B,C1227,Mandalay,Normal,Male,Fashion accessories,52.42,4,10.484,209.68,2019-07-06,17:36,Ewallet,157.26,4.761904762,52.42,9.0,96.0891,21.9588,2019,7,6,Saturday
695-09-5146,B,C1238,Mandalay,Member,Female,Fashion accessories,98.79,6,29.637,592.74,2019-04-24,20:00,Ewallet,296.37,4.761904762,296.37,7.68,96.0891,21.9588,2019,4,24,Wednesday
155-45-3814,C,C1475,Naypyitaw,Member,Female,Fashion accessories,88.55,14,61.985,1239.7,2019-08-21,15:29,Ewallet,708.4,4.761904762,531.3,4.935,96.0785,19.7633,2019,8,21,Wednesday
794-32-2436,B,C1291,Mandalay,Member,Male,Fashion accessories,55.67,4,11.134,222.68,2019-09-16,15:08,Ewallet,111.34,4.761904762,111.34,7.2,96.0891,21.9588,2019,9,16,Monday
131-15-8856,C,C1394,Naypyitaw,Member,Female,Fashion accessories,72.52,14,50.764,1015.28,2019-11-11,19:26,Credit card,580.16,4.761904762,435.12,4.2,96.0785,19.7633,2019,11,11,Monday
273-84-2164,C,C1334,Naypyitaw,Member,Male,Electronic accessories,12.05,8,4.82,96.4,2019-05-14,15:53,Ewallet,60.25,4.761904762,36.15,5.775,96.0785,19.7633,2019,5,14,Tuesday
706-36-6154,A,C1739,Yangon,Member,Male,Home and lifestyle,19.36,13,12.584,251.68,2019-08-30,18:43,Ewallet,174.24,4.761904762,77.44,8.7,96.1735,16.8409,2019,8,30,Friday
778-89-7974,C,C1395,Naypyitaw,Normal,Male,Health and beauty,70.21,7,24.5735,491.47,2019-09-09,14:58,Cash,421.26,4.761904762,70.21,7.77,96.0785,19.7633,2019,9,9,Monday
574-31-8277,B,C1268,Mandalay,Member,Male,Fashion accessories,33.63,1,1.6815,33.63,2019-02-18,19:55,Cash,33.63,4.761904762,0.0,6.72,96.0891,21.9588,2019,2,18,Monday
859-71-0933,C,C1379,Naypyitaw,Member,Female,Sports and travel,15.49,3,2.3235,46.47,2019-11-19,15:10,Cash,30.98,4.761904762,15.49,6.615,96.0785,19.7633,2019,11,19,Tuesday
740-11-5257,C,C1428,Naypyitaw,Normal,Male,Electronic accessories,24.74,12,14.844,296.88,2019-05-05,16:44,Cash,247.4,4.761904762,49.48,7.455,96.0785,19.7633,2019,5,5,Sunday
369-82-2676,B,C1211,Mandalay,Normal,Male,Electronic accessories,75.66,7,26.481,529.62,2019-02-25,18:22,Ewallet,378.3,4.761904762,151.32,9.36,96.0891,21.9588,2019,2,25,Monday
563-47-4072,B,C1213,Mandalay,Normal,Female,Health and beauty,55.81,8,22.324,446.48,2019-08-18,11:52,Cash,334.86,4.761904762,111.62,10.0,96.0891,21.9588,2019,8,18,Sunday
742-04-5161,A,C1746,Yangon,Member,Male,Home and lifestyle,72.78,14,50.946,1018.92,2019-03-07,17:24,Cash,727.8,4.761904762,291.12,7.3,96.1735,16.8409,2019,3,7,Thursday
149-15-7606,B,C1214,Mandalay,Member,Male,Sports and travel,37.32,18,33.588,671.76,2019-06-27,15:31,Ewallet,335.88,4.761904762,335.88,6.12,96.0891,21.9588,2019,6,27,Thursday
133-77-3154,B,C1220,Mandalay,Member,Male,Fashion accessories,60.18,8,24.072,481.44,2019-11-03,18:04,Credit card,240.72,4.761904762,240.72,10.0,96.0891,21.9588,2019,11,3,Sunday
169-52-4504,A,C1814,Yangon,Normal,Female,Sports and travel,15.69,3,2.3535,47.07,2019-04-29,14:13,Credit card,47.07,4.761904762,0.0,5.8,96.1735,16.8409,2019,4,29,Monday
250-81-7186,C,C1306,Naypyitaw,Normal,Female,Sports and travel,99.69,1,4.9845,99.69,2019-08-04,10:23,Credit card,99.69,4.761904762,0.0,8.4,96.0785,19.7633,2019,8,4,Sunday
562-12-5430,A,C1646,Yangon,Member,Female,Sports and travel,88.15,4,17.63,352.6,2019-02-02,10:11,Ewallet,264.45,4.761904762,88.15,7.9,96.1735,16.8409,2019,2,2,Saturday
816-72-8853,A,C1722,Yangon,Member,Female,Sports and travel,27.93,7,9.7755,195.51,2019-06-10,15:48,Cash,139.65,4.761904762,55.86,5.9,96.1735,16.8409,2019,6,10,Monday
491-38-3499,A,C1885,Yangon,Member,Male,Fashion accessories,55.45,1,2.7725,55.45,2019-07-18,17:46,Credit card,55.45,4.761904762,0.0,4.9,96.1735,16.8409,2019,7,18,Thursday
322-02-2271,A,C1270,Mandalay,Normal,Female,Sports and travel,42.97,4,8.594,171.88,2019-05-02,11:46,Cash,128.91,4.761904762,42.97,10.0,96.0891,21.9588,2019,5,2,Thursday
842-29-4695,A,C1307,Naypyitaw,Member,Male,Sports and travel,17.14,11,9.427,188.54,2019-05-20,12:07,Credit card,119.98,4.761904762,68.56,8.295,96.0785,19.7633,2019,5,20,Monday
725-67-2480,A,C1213,Mandalay,Member,Female,Fashion accessories,58.75,11,32.3125,646.25,2019-02-14,18:14,Credit card,352.5,4.761904762,293.75,7.08,96.0891,21.9588,2019,2,14,Thursday
714-02-3114,C,C1318,Naypyitaw,Normal,Female,Sports and travel,98.8,2,9.88,197.6,2019-03-07,11:39,Cash,197.6,4.761904762,0.0,8.085,96.0785,19.7633,2019,3,7,Thursday
518-17-2983,A,C1638,Yangon,Normal,Female,Fashion accessories,48.63,4,9.726,194.52,2019-04-04,15:44,Ewallet,194.52,4.761904762,0.0,7.6,96.1735,16.8409,2019,4,4,Thursday
779-42-2410,B,C1274,Mandalay,Member,Male,Food and beverages,57.74,6,17.322,346.44,2019-12-16,13:06,Ewallet,173.22,4.761904762,173.22,9.24,96.0891,21.9588,2019,12,16,Monday
190-14-3147,B,C1295,Mandalay,Normal,Female,Fashion accessories,17.97,6,5.391,107.82,2019-10-10,20:43,Ewallet,71.88,4.761904762,35.94,7.68,96.0891,21.9588,2019,10,10,Thursday
408-66-6712,C,C1492,Naypyitaw,Member,Female,Fashion accessories,47.71,10,23.855,477.1,2019-05-03,14:19,Ewallet,286.26,4.761904762,190.84,4.62,96.0785,19.7633,2019,5,3,Friday
679-22-6530,B,C1244,Mandalay,Normal,Female,Fashion accessories,40.62,3,6.093,121.86,2019-04-13,10:01,Credit card,81.24,4.761904762,40.62,4.92,96.0891,21.9588,2019,4,13,Saturday
588-47-8641,A,C1646,Yangon,Member,Male,Fashion accessories,56.04,14,39.228,784.56,2019-12-08,19:30,Ewallet,560.4,4.761904762,224.16,4.4,96.1735,16.8409,2019,12,8,Sunday
642-61-4706,B,C1241,Mandalay,Member,Male,Fashion accessories,93.4,4,18.68,373.6,2019-10-20,16:34,Cash,186.8,4.761904762,186.8,6.6,96.0891,21.9588,2019,10,20,Sunday
576-31-4774,B,C1293,Mandalay,Normal,Female,Fashion accessories,73.41,4,14.682,293.64,2019-03-13,13:10,Ewallet,220.23,4.761904762,73.41,4.8,96.0891,21.9588,2019,3,13,Wednesday
556-41-6224,C,C1487,Naypyitaw,Normal,Male,Health and beauty,33.64,10,16.82,336.4,2019-02-15,17:10,Credit card,269.12,4.761904762,67.28,9.765,96.0785,19.7633,2019,2,15,Friday
811-03-8790,A,C1634,Yangon,Normal,Female,Electronic accessories,45.48,10,22.74,454.8,2019-09-22,10:22,Credit card,454.8,4.761904762,0.0,4.8,96.1735,16.8409,2019,9,22,Sunday
242-11-3142,B,C1249,Mandalay,Member,Male,Fashion accessories,83.77,4,16.754,335.08,2019-01-29,19:57,Cash,167.54,4.761904762,167.54,7.455,96.0891,21.9588,2019,1,29,Tuesday
752-23-3760,B,C1291,Mandalay,Member,Female,Sports and travel,64.08,14,44.856,897.12,2019-10-10,19:29,Credit card,448.56,4.761904762,448.56,7.455,96.0891,21.9588,2019,10,10,Thursday
274-05-5470,A,C1692,Yangon,Member,Female,Food and beverages,73.47,6,22.041,440.82,2019-04-30,18:30,Cash,293.88,4.761904762,146.94,7.455,96.1735,16.8409,2019,4,30,Tuesday
648-94-3045,C,C1411,Naypyitaw,Normal,Male,Health and beauty,58.95,12,35.37,707.4,2019-02-14,14:27,Ewallet,589.5,4.761904762,117.9,7.455,96.0785,19.7633,2019,2,14,Thursday
130-67-4723,A,C1662,Yangon,Member,Male,Food and beverages,48.5,8,19.4,388.0,2019-08-15,13:57,Ewallet,291.0,4.761904762,97.0,7.455,96.1735,16.8409,2019,8,15,Thursday
528-87-5606,B,C1236,Mandalay,Member,Female,Electronic accessories,39.48,1,1.974,39.48,2019-02-19,19:43,Cash,39.48,4.761904762,0.0,7.455,96.0891,21.9588,2019,2,19,Tuesday
320-85-2052,B,C1221,Mandalay,Normal,Female,Sports and travel,34.81,1,1.7405,34.81,2019-12-29,10:11,Credit card,34.81,4.761904762,0.0,7.455,96.0891,21.9588,2019,12,29,Sunday
370-96-0655,C,C1462,Naypyitaw,Normal,Female,Fashion accessories,49.32,7,17.262,345.24,2019-12-18,13:46,Ewallet,295.92,4.761904762,49.32,7.455,96.0785,19.7633,2019,12,18,Wednesday
105-10-6182,A,C1894,Yangon,Member,Male,Fashion accessories,21.48,3,3.222,64.44,2019-01-03,12:22,Ewallet,42.96,4.761904762,21.48,6.6,96.1735,16.8409,2019,1,3,Thursday
510-79-0415,B,C1284,Mandalay,Member,Female,Sports and travel,23.08,11,12.694,253.88,2019-08-04,19:20,Ewallet,138.48,4.761904762,115.4,5.88,96.0891,21.9588,2019,8,4,Sunday
241-96-5076,B,C1259,Mandalay,Member,Female,Home and lifestyle,49.1,4,9.82,196.4,2019-12-02,12:58,Credit card,98.2,4.761904762,98.2,7.68,96.0891,21.9588,2019,12,2,Monday
767-97-4650,B,C1284,Mandalay,Member,Female,Sports and travel,64.83,4,12.966,259.32,2019-06-06,11:59,Credit card,129.66,4.761904762,129.66,9.6,96.0891,21.9588,2019,6,6,Thursday
648-83-1321,A,C1781,Yangon,Member,Male,Sports and travel,63.56,14,44.492,889.84,2019-02-26,17:59,Cash,635.6,4.761904762,254.24,4.3,96.1735,16.8409,2019,2,26,Tuesday
173-57-2300,C,C1342,Naypyitaw,Member,Male,Sports and travel,72.88,3,10.932,218.64,2019-04-09,12:51,Cash,145.76,4.761904762,72.88,6.405,96.0785,19.7633,2019,4,9,Tuesday
305-03-2383,A,C1852,Yangon,Normal,Female,Sports and travel,67.1,3,10.065,201.3,2019-12-11,10:36,Cash,201.3,4.761904762,0.0,7.5,96.1735,16.8409,2019,12,11,Wednesday
394-55-6384,C,C1477,Naypyitaw,Member,Female,Sports and travel,70.19,15,52.6425,1052.85,2019-09-02,13:38,Cash,631.71,4.761904762,421.14,7.035,96.0785,19.7633,2019,9,2,Monday
266-20-6657,C,C1422,Naypyitaw,Member,Male,Sports and travel,55.04,11,30.272,605.44,2019-09-24,19:39,Ewallet,385.28,4.761904762,220.16,5.46,96.0785,19.7633,2019,9,24,Tuesday
689-05-1884,A,C1690,Yangon,Member,Male,Sports and travel,48.63,14,34.041,680.82,2019-12-18,12:44,Cash,486.3,4.761904762,194.52,8.8,96.1735,16.8409,2019,12,18,Wednesday
196-01-2849,C,C1446,Naypyitaw,Member,Female,Fashion accessories,73.38,11,40.359,807.18,2019-04-05,13:56,Cash,513.66,4.761904762,293.52,9.975,96.0785,19.7633,2019,4,5,Friday
372-62-5264,C,C1425,Naypyitaw,Normal,Female,Food and beverages,52.6,11,28.93,578.6,2019-05-20,14:42,Cash,473.4,4.761904762,105.2,7.98,96.0785,19.7633,2019,5,20,Monday
800-09-8606,A,C1775,Yangon,Member,Female,Home and lifestyle,87.37,7,30.5795,611.59,2019-06-30,19:45,Cash,436.85,4.761904762,174.74,6.6,96.1735,16.8409,2019,6,30,Sunday
182-52-7000,A,C1806,Yangon,Member,Female,Sports and travel,27.04,6,8.112,162.24,2019-11-21,20:26,Ewallet,108.16,4.761904762,54.08,6.9,96.1735,16.8409,2019,11,21,Thursday
826-58-8051,B,C1203,Mandalay,Normal,Male,Home and lifestyle,62.19,6,18.657,373.14,2019-11-14,19:46,Ewallet,248.76,4.761904762,124.38,5.16,96.0891,21.9588,2019,11,14,Thursday
868-06-0466,A,C1875,Yangon,Member,Male,Electronic accessories,69.58,13,45.227,904.54,2019-10-15,19:38,Credit card,626.22,4.761904762,278.32,7.8,96.1735,16.8409,2019,10,15,Tuesday
751-41-9720,C,C1373,Naypyitaw,Normal,Male,Home and lifestyle,97.5,12,58.5,1170.0,2019-05-28,16:18,Ewallet,975.0,4.761904762,195.0,8.4,96.0785,19.7633,2019,5,28,Tuesday
626-43-7888,C,C1424,Naypyitaw,Normal,Female,Fashion accessories,60.41,10,30.205,604.1,2019-08-31,12:23,Ewallet,483.28,4.761904762,120.82,10.0,96.0785,19.7633,2019,8,31,Saturday
176-64-7711,B,C1252,Mandalay,Normal,Male,Food and beverages,32.32,4,6.464,129.28,2019-02-12,19:11,Credit card,96.96,4.761904762,32.32,5.16,96.0891,21.9588,2019,2,12,Tuesday
191-29-0321,B,C1223,Mandalay,Member,Female,Fashion accessories,19.77,20,19.77,395.4,2019-09-01,18:57,Credit card,197.7,4.761904762,197.7,6.0,96.0891,21.9588,2019,9,1,Sunday
186-79-9562,B,C1280,Mandalay,Normal,Male,Health and beauty,71.77,10,35.885,717.7,2019-01-22,14:06,Cash,502.39,4.761904762,215.31,10.0,96.0891,21.9588,2019,1,22,Tuesday
834-45-5519,B,C1263,Mandalay,Normal,Female,Electronic accessories,43.0,6,12.9,258.0,2019-09-19,20:48,Ewallet,172.0,4.761904762,86.0,9.12,96.0891,21.9588,2019,9,19,Thursday
162-65-8559,C,C1441,Naypyitaw,Member,Male,Fashion accessories,68.98,1,3.449,68.98,2019-03-05,20:13,Cash,68.98,4.761904762,0.0,5.04,96.0785,19.7633,2019,3,5,Tuesday
760-27-5490,C,C1349,Naypyitaw,Normal,Male,Fashion accessories,15.62,10,7.81,156.2,2019-07-21,20:37,Ewallet,124.96,4.761904762,31.24,9.555,96.0785,19.7633,2019,7,21,Sunday
445-30-9252,A,C1733,Yangon,Normal,Male,Fashion accessories,25.7,3,3.855,77.1,2019-11-19,17:59,Ewallet,77.1,4.761904762,0.0,6.1,96.1735,16.8409,2019,11,19,Tuesday
786-94-2700,A,C1891,Yangon,Member,Male,Fashion accessories,80.62,8,32.248,644.96,2019-10-15,20:18,Cash,483.72,4.761904762,161.24,9.1,96.1735,16.8409,2019,10,15,Tuesday
728-88-7867,C,C1323,Naypyitaw,Member,Female,Fashion accessories,75.53,7,26.4355,528.71,2019-12-23,15:52,Ewallet,302.12,4.761904762,226.59,8.715,96.0785,19.7633,2019,12,23,Monday
183-21-3799,C,C1403,Naypyitaw,Normal,Female,Fashion accessories,77.63,11,42.6965,853.93,2019-03-13,15:14,Ewallet,698.67,4.761904762,155.26,7.56,96.0785,19.7633,2019,3,13,Wednesday
268-20-3585,C,C1454,Naypyitaw,Normal,Female,Fashion accessories,13.85,11,7.6175,152.35,2019-06-29,12:50,Ewallet,124.65,4.761904762,27.7,6.3,96.0785,19.7633,2019,6,29,Saturday
258-92-7466,A,C1821,Yangon,Normal,Female,Fashion accessories,35.68,5,8.92,178.4,2019-03-05,18:33,Credit card,178.4,4.761904762,0.0,6.6,96.1735,16.8409,2019,3,5,Tuesday
857-16-3520,A,C1838,Yangon,Member,Female,Fashion accessories,71.46,10,35.73,714.6,2019-07-18,16:06,Ewallet,500.22,4.761904762,214.38,4.5,96.1735,16.8409,2019,7,18,Thursday
482-17-1179,A,C1878,Yangon,Member,Male,Electronic accessories,11.94,4,2.388,47.76,2019-05-12,12:47,Credit card,35.82,4.761904762,11.94,8.1,96.1735,16.8409,2019,5,12,Sunday
788-21-5741,A,C1896,Yangon,Normal,Male,Sports and travel,45.38,3,6.807,136.14,2019-01-01,13:34,Credit card,136.14,4.761904762,0.0,7.2,96.1735,16.8409,2019,1,1,Tuesday
821-14-9046,B,C1236,Mandalay,Member,Female,Sports and travel,17.48,11,9.614,192.28,2019-12-21,15:04,Credit card,104.88,4.761904762,87.4,7.32,96.0891,21.9588,2019,12,21,Saturday
418-05-0656,B,C1213,Mandalay,Normal,Female,Sports and travel,25.56,10,12.78,255.6,2019-06-04,20:42,Cash,178.92,4.761904762,76.68,8.52,96.0891,21.9588,2019,6,4,Tuesday
776-68-1096,B,C1212,Mandalay,Normal,Male,Home and lifestyle,44.12,4,8.824,176.48,2019-06-02,13:45,Credit card,132.36,4.761904762,44.12,9.48,96.0891,21.9588,2019,6,2,Sunday
592-46-1692,C,C1375,Naypyitaw,Member,Female,Food and beverages,36.77,11,20.2235,404.47,2019-01-13,20:10,Cash,257.39,4.761904762,147.08,7.77,96.0785,19.7633,2019,1,13,Sunday
434-35-9162,B,C1204,Mandalay,Member,Male,Food and beverages,23.34,8,9.336,186.72,2019-01-13,18:53,Ewallet,93.36,4.761904762,93.36,8.88,96.0891,21.9588,2019,1,13,Sunday
149-14-0304,C,C1457,Naypyitaw,Member,Female,Health and beauty,28.5,14,19.95,399.0,2019-11-19,14:24,Cash,228.0,4.761904762,171.0,7.455,96.0785,19.7633,2019,11,19,Tuesday
442-44-6497,C,C1476,Naypyitaw,Member,Male,Home and lifestyle,55.57,6,16.671,333.42,2019-04-13,11:42,Credit card,166.71,4.761904762,166.71,7.455,96.0785,19.7633,2019,4,13,Saturday
174-64-0215,B,C1247,Mandalay,Normal,Male,Sports and travel,69.74,14,48.818,976.36,2019-01-31,17:49,Credit card,697.4,4.761904762,278.96,7.455,96.0891,21.9588,2019,1,31,Thursday
210-74-9613,C,C1494,Naypyitaw,Normal,Male,Fashion accessories,97.26,5,24.315,486.3,2019-12-18,15:33,Ewallet,389.04,4.761904762,97.26,7.455,96.0785,19.7633,2019,12,18,Wednesday
299-29-0180,B,C1245,Mandalay,Member,Female,Home and lifestyle,52.18,14,36.526,730.52,2019-08-20,10:54,Cash,365.26,4.761904762,365.26,7.455,96.0891,21.9588,2019,8,20,Tuesday
247-11-2470,A,C1815,Yangon,Member,Female,Fashion accessories,22.32,6,6.696,133.92,2019-02-02,16:23,Credit card,89.28,4.761904762,44.64,7.455,96.1735,16.8409,2019,2,2,Saturday
635-28-5728,A,C1689,Yangon,Normal,Male,Health and beauty,56.0,3,8.4,168.0,2019-07-24,19:33,Ewallet,168.0,4.761904762,0.0,4.8,96.1735,16.8409,2019,7,24,Wednesday
756-49-0168,A,C1790,Yangon,Member,Male,Fashion accessories,19.7,1,0.985,19.7,2019-12-21,11:39,Ewallet,19.7,4.761904762,0.0,9.5,96.1735,16.8409,2019,12,21,Saturday
438-23-1242,B,C1240,Mandalay,Normal,Male,Electronic accessories,75.88,10,37.94,758.8,2019-02-11,10:38,Ewallet,531.16,4.761904762,227.64,10.0,96.0891,21.9588,2019,2,11,Monday
238-45-6950,B,C1266,Mandalay,Member,Male,Food and beverages,53.72,1,2.686,53.72,2019-05-25,20:03,Ewallet,53.72,4.761904762,0.0,7.68,96.0891,21.9588,2019,5,25,Saturday
386-27-7606,C,C1337,Naypyitaw,Member,Female,Home and lifestyle,81.2,11,44.66,893.2,2019-03-31,15:59,Credit card,568.4,4.761904762,324.8,8.505,96.0785,19.7633,2019,3,31,Sunday
137-63-5492,C,C1496,Naypyitaw,Normal,Male,Electronic accessories,58.76,12,35.256,705.12,2019-02-27,14:26,Ewallet,587.6,4.761904762,117.52,9.45,96.0785,19.7633,2019,2,27,Wednesday
805-86-0265,A,C1665,Yangon,Normal,Male,Home and lifestyle,93.96,9,42.282,845.64,2019-07-11,11:32,Cash,845.64,4.761904762,0.0,9.8,96.1735,16.8409,2019,7,11,Thursday
733-29-1227,C,C1383,Naypyitaw,Normal,Male,Home and lifestyle,55.61,8,22.244,444.88,2019-11-08,12:41,Cash,389.27,4.761904762,55.61,8.925,96.0785,19.7633,2019,11,8,Friday
451-73-2711,C,C1373,Naypyitaw,Normal,Male,Food and beverages,84.83,1,4.2415,84.83,2019-12-19,15:20,Ewallet,84.83,4.761904762,0.0,9.24,96.0785,19.7633,2019,12,19,Thursday
373-14-0504,A,C1638,Yangon,Member,Female,Sports and travel,71.63,3,10.7445,214.89,2019-03-17,14:33,Ewallet,143.26,4.761904762,71.63,8.8,96.1735,16.8409,2019,3,17,Sunday
546-80-2899,A,C1737,Yangon,Member,Male,Home and lifestyle,37.69,3,5.6535,113.07,2019-07-23,15:29,Ewallet,75.38,4.761904762,37.69,9.5,96.1735,16.8409,2019,7,23,Tuesday
345-68-9016,C,C1423,Naypyitaw,Member,Female,Fashion accessories,31.67,14,22.169,443.38,2019-06-02,16:19,Credit card,253.36,4.761904762,190.02,5.88,96.0785,19.7633,2019,6,2,Sunday
390-17-5806,C,C1410,Naypyitaw,Member,Female,Fashion accessories,38.42,1,1.921,38.42,2019-05-25,16:33,Cash,38.42,4.761904762,0.0,9.03,96.0785,19.7633,2019,5,25,Saturday
664-14-2882,C,C1338,Naypyitaw,Member,Female,Fashion accessories,10.53,8,4.212,84.24,2019-08-31,14:43,Credit card,52.65,4.761904762,31.59,6.09,96.0785,19.7633,2019,8,31,Saturday
487-79-6868,B,C1212,Mandalay,Member,Female,Fashion accessories,12.29,18,11.061,221.22,2019-06-30,19:28,Credit card,110.61,4.761904762,110.61,9.6,96.0891,21.9588,2019,6,30,Sunday
314-23-4520,C,C1444,Naypyitaw,Member,Male,Fashion accessories,81.23,11,44.6765,893.53,2019-08-29,20:44,Cash,568.61,4.761904762,324.92,9.45,96.0785,19.7633,2019,8,29,Thursday
210-30-7976,B,C1238,Mandalay,Member,Female,Fashion accessories,22.32,8,8.928,178.56,2019-04-17,11:16,Ewallet,89.28,4.761904762,89.28,4.92,96.0891,21.9588,2019,4,17,Wednesday
585-86-8361,A,C1632,Yangon,Normal,Female,Food and beverages,27.28,5,6.82,136.4,2019-11-03,10:31,Credit card,136.4,4.761904762,0.0,8.6,96.1735,16.8409,2019,11,3,Sunday
807-14-7833,A,C1736,Yangon,Member,Female,Electronic accessories,17.42,14,12.194,243.88,2019-11-17,12:30,Ewallet,174.2,4.761904762,69.68,7.0,96.1735,16.8409,2019,11,17,Sunday
775-72-1988,B,C1291,Mandalay,Normal,Male,Home and lifestyle,73.28,7,25.648,512.96,2019-04-07,15:05,Ewallet,366.4,4.761904762,146.56,10.0,96.0891,21.9588,2019,4,7,Sunday
288-38-3758,C,C1465,Naypyitaw,Member,Female,Sports and travel,84.87,6,25.461,509.22,2019-02-25,18:30,Ewallet,254.61,4.761904762,254.61,7.77,96.0785,19.7633,2019,2,25,Monday
652-43-6591,A,C1899,Yangon,Normal,Female,Sports and travel,97.29,8,38.916,778.32,2019-02-16,13:18,Credit card,778.32,4.761904762,0.0,6.2,96.1735,16.8409,2019,2,16,Saturday
785-96-0615,B,C1249,Mandalay,Member,Female,Sports and travel,35.74,15,26.805,536.1,2019-09-11,15:28,Ewallet,285.92,4.761904762,250.18,5.88,96.0891,21.9588,2019,9,11,Wednesday
406-46-7107,A,C1849,Yangon,Normal,Female,Sports and travel,96.52,6,28.956,579.12,2019-04-30,11:52,Cash,579.12,4.761904762,0.0,4.5,96.1735,16.8409,2019,4,30,Tuesday
250-17-5703,A,C1827,Yangon,Member,Male,Sports and travel,18.85,14,13.195,263.9,2019-07-05,18:24,Ewallet,188.5,4.761904762,75.4,5.6,96.1735,16.8409,2019,7,5,Friday
156-95-3964,A,C1669,Yangon,Normal,Female,Sports and travel,55.39,4,11.078,221.56,2019-03-06,15:19,Ewallet,221.56,4.761904762,0.0,8.0,96.1735,16.8409,2019,3,6,Wednesday
525-09-8450,A,C1294,Mandalay,Normal,Male,Sports and travel,72.13,14,50.491,1009.82,2019-03-21,15:12,Credit card,721.3,4.761904762,288.52,5.04,96.0891,21.9588,2019,3,21,Thursday
410-67-1709,A,C1655,Yangon,Member,Female,Sports and travel,63.88,11,35.134,702.68,2019-09-12,17:48,Ewallet,511.04,4.761904762,191.64,9.9,96.1735,16.8409,2019,9,12,Thursday
587-73-4862,A,C1742,Yangon,Member,Female,Sports and travel,10.69,7,3.7415,74.83,2019-05-16,11:07,Ewallet,53.45,4.761904762,21.38,7.6,96.1735,16.8409,2019,5,16,Thursday
787-87-2010,A,C1762,Yangon,Member,Male,Health and beauty,55.5,6,16.65,333.0,2019-04-18,15:48,Credit card,222.0,4.761904762,111.0,6.6,96.1735,16.8409,2019,4,18,Thursday
593-14-4239,A,C1283,Mandalay,Normal,Female,Home and lifestyle,95.46,11,52.503,1050.06,2019-12-14,19:40,Ewallet,763.68,4.761904762,286.38,5.64,96.0891,21.9588,2019,12,14,Saturday
801-88-0346,A,C1326,Naypyitaw,Normal,Female,Fashion accessories,76.06,4,15.212,304.24,2019-12-26,20:30,Credit card,228.18,4.761904762,76.06,10.0,96.0785,19.7633,2019,12,26,Thursday
388-76-2555,A,C1233,Mandalay,Normal,Male,Sports and travel,13.69,8,5.476,109.52,2019-08-20,13:59,Cash,82.14,4.761904762,27.38,7.56,96.0891,21.9588,2019,8,20,Tuesday
711-31-1234,A,C1275,Mandalay,Normal,Female,Electronic accessories,95.64,6,28.692,573.84,2019-04-20,18:51,Cash,382.56,4.761904762,191.28,9.48,96.0891,21.9588,2019,4,20,Saturday
886-54-6089,A,C1843,Yangon,Normal,Female,Home and lifestyle,11.43,6,3.429,68.58,2019-06-06,17:24,Cash,68.58,4.761904762,0.0,7.455,96.1735,16.8409,2019,6,6,Thursday
707-32-7409,B,C1237,Mandalay,Member,Female,Sports and travel,95.54,8,38.216,764.32,2019-07-13,11:58,Ewallet,382.16,4.761904762,382.16,7.455,96.0891,21.9588,2019,7,13,Saturday
759-98-4285,C,C1447,Naypyitaw,Member,Female,Health and beauty,85.87,11,47.2285,944.57,2019-06-09,19:01,Credit card,601.09,4.761904762,343.48,7.455,96.0785,19.7633,2019,6,9,Sunday
201-63-8275,C,C1339,Naypyitaw,Member,Female,Sports and travel,67.99,11,37.3945,747.89,2019-03-08,16:50,Ewallet,475.93,4.761904762,271.96,7.455,96.0785,19.7633,2019,3,8,Friday
471-06-8611,C,C1344,Naypyitaw,Normal,Female,Food and beverages,52.42,1,2.621,52.42,2019-03-02,10:22,Credit card,52.42,4.761904762,0.0,7.455,96.0785,19.7633,2019,3,2,Saturday
200-16-5952,C,C1332,Naypyitaw,Member,Male,Food and beverages,65.65,3,9.8475,196.95,2019-07-31,16:46,Cash,131.3,4.761904762,65.65,7.455,96.0785,19.7633,2019,7,31,Wednesday
120-54-2248,B,C1270,Mandalay,Normal,Female,Food and beverages,28.86,7,10.101,202.02,2019-09-28,18:08,Credit card,144.3,4.761904762,57.72,7.455,96.0891,21.9588,2019,9,28,Saturday
102-77-2261,C,C1386,Naypyitaw,Member,Male,Health and beauty,65.31,11,35.9205,718.41,2019-08-15,18:02,Credit card,457.17,4.761904762,261.24,4.41,96.0785,19.7633,2019,8,15,Thursday
875-31-8302,B,C1278,Mandalay,Normal,Male,Sports and travel,93.38,1,4.669,93.38,2019-01-23,13:07,Cash,93.38,4.761904762,0.0,10.0,96.0891,21.9588,2019,1,23,Wednesday
102-06-2002,C,C1432,Naypyitaw,Member,Male,Sports and travel,25.25,8,10.1,202.0,2019-06-23,17:52,Cash,126.25,4.761904762,75.75,6.405,96.0785,19.7633,2019,6,23,Sunday
629-42-4133,C,C1400,Naypyitaw,Normal,Male,Health and beauty,21.8,10,10.9,218.0,2019-09-18,19:24,Cash,174.4,4.761904762,43.6,8.715,96.0785,19.7633,2019,9,18,Wednesday
534-53-3526,A,C1744,Yangon,Normal,Female,Sports and travel,94.76,4,18.952,379.04,2019-11-25,16:06,Ewallet,379.04,4.761904762,0.0,7.8,96.1735,16.8409,2019,11,25,Monday
307-04-2070,A,C1697,Yangon,Member,Female,Fashion accessories,30.62,1,1.531,30.62,2019-05-30,14:14,Credit card,30.62,4.761904762,0.0,4.1,96.1735,16.8409,2019,5,30,Thursday
468-99-7231,C,C1334,Naypyitaw,Normal,Female,Home and lifestyle,44.01,10,22.005,440.1,2019-11-02,17:36,Cash,352.08,4.761904762,88.02,9.24,96.0785,19.7633,2019,11,2,Saturday
516-77-6464,C,C1316,Naypyitaw,Member,Female,Health and beauty,10.16,8,4.064,81.28,2019-02-19,13:08,Ewallet,50.8,4.761904762,30.48,4.305,96.0785,19.7633,2019,2,19,Tuesday
404-91-5964,A,C1629,Yangon,Normal,Male,Electronic accessories,74.58,7,26.103,522.06,2019-09-29,16:09,Credit card,522.06,4.761904762,0.0,9.0,96.1735,16.8409,2019,9,29,Sunday
886-77-9084,C,C1391,Naypyitaw,Normal,Male,Electronic accessories,71.89,10,35.945,718.9,2019-03-14,11:33,Ewallet,575.12,4.761904762,143.78,5.775,96.0785,19.7633,2019,3,14,Thursday
790-38-4466,C,C1376,Naypyitaw,Normal,Female,Health and beauty,10.99,6,3.297,65.94,2019-12-13,10:18,Credit card,54.95,4.761904762,10.99,9.765,96.0785,19.7633,2019,12,13,Friday
704-10-4056,C,C1429,Naypyitaw,Member,Male,Health and beauty,60.47,6,18.141,362.82,2019-05-08,10:55,Credit card,181.41,4.761904762,181.41,5.88,96.0785,19.7633,2019,5,8,Wednesday
497-37-6538,A,C1726,Yangon,Normal,Male,Sports and travel,58.91,7,20.6185,412.37,2019-05-18,15:15,Ewallet,412.37,4.761904762,0.0,9.7,96.1735,16.8409,2019,5,18,Saturday
651-96-5970,A,C1886,Yangon,Normal,Male,Fashion accessories,46.41,1,2.3205,46.41,2019-10-18,20:06,Credit card,46.41,4.761904762,0.0,4.0,96.1735,16.8409,2019,10,18,Friday
400-80-4065,C,C1344,Naypyitaw,Member,Male,Sports and travel,68.55,7,23.9925,479.85,2019-02-03,20:21,Credit card,274.2,4.761904762,205.65,9.66,96.0785,19.7633,2019,2,3,Sunday
263-12-5321,A,C1869,Yangon,Member,Male,Sports and travel,92.6,10,46.3,926.0,2019-11-12,12:52,Credit card,648.2,4.761904762,277.8,9.3,96.1735,16.8409,2019,11,12,Tuesday
702-72-0487,A,C1787,Yangon,Normal,Female,Sports and travel,46.61,2,4.661,93.22,2019-07-24,12:28,Credit card,93.22,4.761904762,0.0,6.6,96.1735,16.8409,2019,7,24,Wednesday
605-83-1050,B,C1209,Mandalay,Normal,Male,Sports and travel,27.18,3,4.077,81.54,2019-05-13,16:26,Ewallet,54.36,4.761904762,27.18,5.16,96.0891,21.9588,2019,5,13,Monday
443-60-9639,C,C1356,Naypyitaw,Member,Female,Sports and travel,60.87,1,3.0435,60.87,2019-06-10,13:24,Cash,60.87,4.761904762,0.0,5.775,96.0785,19.7633,2019,6,10,Monday
864-24-7918,A,C1812,Yangon,Normal,Female,Sports and travel,24.49,10,12.245,244.9,2019-08-23,15:15,Cash,244.9,4.761904762,0.0,8.1,96.1735,16.8409,2019,8,23,Friday
359-94-5395,B,C1200,Mandalay,Normal,Male,Sports and travel,92.78,1,4.639,92.78,2019-11-02,10:50,Credit card,92.78,4.761904762,0.0,10.0,96.0891,21.9588,2019,11,2,Saturday
401-09-4232,C,C1406,Naypyitaw,Normal,Male,Home and lifestyle,86.69,6,26.007,520.14,2019-08-12,18:38,Ewallet,433.45,4.761904762,86.69,9.87,96.0785,19.7633,2019,8,12,Monday
751-15-6198,B,C1248,Mandalay,Normal,Male,Sports and travel,23.01,8,9.204,184.08,2019-07-14,16:45,Ewallet,138.06,4.761904762,46.02,9.48,96.0891,21.9588,2019,7,14,Sunday
324-41-6833,C,C1311,Naypyitaw,Normal,Female,Electronic accessories,30.2,10,15.1,302.0,2019-06-11,19:30,Ewallet,241.6,4.761904762,60.4,5.355,96.0785,19.7633,2019,6,11,Tuesday
474-33-8305,C,C1360,Naypyitaw,Normal,Male,Fashion accessories,67.39,8,26.956,539.12,2019-04-05,13:23,Ewallet,471.73,4.761904762,67.39,7.245,96.0785,19.7633,2019,4,5,Friday
759-29-9521,A,C1835,Yangon,Member,Female,Fashion accessories,48.96,13,31.824,636.48,2019-02-09,11:27,Cash,440.64,4.761904762,195.84,8.0,96.1735,16.8409,2019,2,9,Saturday
220-68-6701,A,C1719,Yangon,Normal,Female,Fashion accessories,77.47,4,15.494,309.88,2019-07-30,16:36,Cash,309.88,4.761904762,0.0,4.2,96.1735,16.8409,2019,7,30,Tuesday
618-34-8551,A,C1671,Yangon,Normal,Female,Fashion accessories,93.18,2,9.318,186.36,2019-10-07,18:41,Credit card,186.36,4.761904762,0.0,8.5,96.1735,16.8409,2019,10,7,Monday
257-60-7754,A,C1627,Yangon,Normal,Female,Fashion accessories,50.23,4,10.046,200.92,2019-01-11,17:12,Cash,200.92,4.761904762,0.0,9.0,96.1735,16.8409,2019,1,11,Friday
559-61-5987,B,C1261,Mandalay,Normal,Female,Fashion accessories,17.75,1,0.8875,17.75,2019-11-05,10:38,Cash,17.75,4.761904762,0.0,10.0,96.0891,21.9588,2019,11,5,Tuesday
189-55-2313,C,C1462,Naypyitaw,Normal,Female,Fashion accessories,62.18,12,37.308,746.16,2019-08-04,10:33,Ewallet,621.8,4.761904762,124.36,6.3,96.0785,19.7633,2019,8,4,Sunday
565-91-4567,B,C1278,Mandalay,Normal,Male,Fashion accessories,10.75,11,5.9125,118.25,2019-09-23,14:38,Ewallet,86.0,4.761904762,32.25,7.44,96.0891,21.9588,2019,9,23,Monday
380-60-5336,A,C1883,Yangon,Normal,Female,Fashion accessories,40.26,10,20.13,402.6,2019-06-10,18:06,Credit card,402.6,4.761904762,0.0,5.0,96.1735,16.8409,2019,6,10,Monday
815-04-6282,C,C1478,Naypyitaw,Member,Female,Fashion accessories,64.97,8,25.988,519.76,2019-10-13,12:52,Credit card,324.85,4.761904762,194.91,6.825,96.0785,19.7633,2019,10,13,Sunday
674-56-6360,A,C1624,Yangon,Normal,Male,Fashion accessories,95.15,1,4.7575,95.15,2019-02-13,14:00,Cash,95.15,4.761904762,0.0,6.0,96.1735,16.8409,2019,2,13,Wednesday
778-34-2523,A,C1713,Yangon,Member,Female,Fashion accessories,48.62,11,26.741,534.82,2019-05-18,10:57,Cash,388.96,4.761904762,145.86,5.0,96.1735,16.8409,2019,5,18,Saturday
499-27-7781,B,C1214,Mandalay,Normal,Female,Food and beverages,53.21,11,29.2655,585.31,2019-12-23,16:45,Ewallet,425.68,4.761904762,159.63,6.0,96.0891,21.9588,2019,12,23,Monday
477-59-2456,C,C1451,Naypyitaw,Normal,Female,Fashion accessories,45.44,8,18.176,363.52,2019-10-26,11:15,Cash,318.08,4.761904762,45.44,9.66,96.0785,19.7633,2019,10,26,Saturday
832-51-6761,A,C1621,Yangon,Normal,Male,Food and beverages,33.88,8,13.552,271.04,2019-12-01,20:29,Ewallet,271.04,4.761904762,0.0,9.6,96.1735,16.8409,2019,12,1,Sunday
869-11-3082,A,C1225,Mandalay,Member,Male,Health and beauty,96.16,8,38.464,769.28,2019-07-17,20:03,Credit card,384.64,4.761904762,384.64,10.0,96.0891,21.9588,2019,7,17,Wednesday
190-59-3964,A,C1202,Mandalay,Member,Male,Food and beverages,47.16,10,23.58,471.6,2019-06-10,14:35,Credit card,235.8,4.761904762,235.8,7.455,96.0891,21.9588,2019,6,10,Monday
366-43-6862,A,C1293,Mandalay,Normal,Male,Electronic accessories,52.89,6,15.867,317.34,2019-02-28,16:32,Ewallet,211.56,4.761904762,105.78,7.455,96.0891,21.9588,2019,2,28,Thursday
186-43-8965,A,C1771,Yangon,Member,Female,Home and lifestyle,47.68,3,7.152,143.04,2019-08-25,10:10,Credit card,95.36,4.761904762,47.68,7.455,96.1735,16.8409,2019,8,25,Sunday
784-21-9238,C,C1325,Naypyitaw,Member,Male,Sports and travel,10.17,1,0.5085,10.17,2019-09-25,14:15,Cash,10.17,4.761904762,0.0,7.455,96.0785,19.7633,2019,9,25,Wednesday
276-75-6884,A,C1768,Yangon,Normal,Female,Sports and travel,68.71,3,10.3065,206.13,2019-10-18,10:05,Cash,206.13,4.761904762,0.0,7.455,96.1735,16.8409,2019,10,18,Friday
109-86-4363,B,C1274,Mandalay,Member,Female,Sports and travel,60.08,14,42.056,841.12,2019-10-08,11:36,Credit card,420.56,4.761904762,420.56,7.455,96.0891,21.9588,2019,10,8,Tuesday
569-76-2760,A,C1687,Yangon,Member,Female,Sports and travel,22.01,6,6.603,132.06,2019-06-14,18:15,Credit card,88.04,4.761904762,44.02,7.455,96.1735,16.8409,2019,6,14,Friday
760-53-9233,A,C1738,Yangon,Member,Male,Sports and travel,41.28,4,8.256,165.12,2019-12-16,18:37,Credit card,123.84,4.761904762,41.28,7.455,96.1735,16.8409,2019,12,16,Monday
538-22-0304,C,C1367,Naypyitaw,Normal,Male,Sports and travel,64.95,12,38.97,779.4,2019-01-02,18:27,Cash,649.5,4.761904762,129.9,7.455,96.0785,19.7633,2019,1,2,Wednesday
416-17-9926,A,C1733,Yangon,Member,Female,Sports and travel,74.22,14,51.954,1039.08,2019-12-16,14:42,Credit card,742.2,4.761904762,296.88,7.455,96.1735,16.8409,2019,12,16,Monday
237-44-6163,A,C1732,Yangon,Normal,Male,Sports and travel,10.56,8,4.224,84.48,2019-10-05,17:43,Cash,84.48,4.761904762,0.0,7.455,96.1735,16.8409,2019,10,5,Saturday
636-17-0325,B,C1225,Mandalay,Normal,Male,Sports and travel,62.57,6,18.771,375.42,2019-11-27,18:37,Cash,250.28,4.761904762,125.14,7.455,96.0891,21.9588,2019,11,27,Wednesday
343-75-9322,B,C1276,Mandalay,Member,Female,Sports and travel,11.85,15,8.8875,177.75,2019-09-22,16:34,Cash,94.8,4.761904762,82.95,7.455,96.0891,21.9588,2019,9,22,Sunday
528-14-9470,A,C1703,Yangon,Member,Male,Health and beauty,91.3,1,4.565,91.3,2019-10-28,14:42,Ewallet,91.3,4.761904762,0.0,9.2,96.1735,16.8409,2019,10,28,Monday
427-45-9297,B,C1274,Mandalay,Normal,Female,Home and lifestyle,40.73,10,20.365,407.3,2019-12-06,11:01,Ewallet,285.11,4.761904762,122.19,6.48,96.0891,21.9588,2019,12,6,Friday
807-34-3742,A,C1875,Yangon,Normal,Male,Fashion accessories,52.38,1,2.619,52.38,2019-07-27,19:44,Cash,52.38,4.761904762,0.0,5.8,96.1735,16.8409,2019,7,27,Saturday
288-62-1085,A,C1775,Yangon,Normal,Male,Fashion accessories,38.54,5,9.635,192.7,2019-02-15,13:34,Ewallet,192.7,4.761904762,0.0,5.6,96.1735,16.8409,2019,2,15,Friday
670-71-7306,B,C1243,Mandalay,Normal,Male,Sports and travel,44.63,8,17.852,357.04,2019-01-20,20:08,Credit card,267.78,4.761904762,89.26,6.12,96.0891,21.9588,2019,1,20,Sunday
660-29-7083,C,C1354,Naypyitaw,Normal,Male,Electronic accessories,55.87,12,33.522,670.44,2019-11-23,15:01,Cash,558.7,4.761904762,111.74,6.09,96.0785,19.7633,2019,11,23,Saturday
271-77-8740,C,C1394,Naypyitaw,Normal,Female,Sports and travel,29.22,7,10.227,204.54,2019-08-14,11:40,Ewallet,175.32,4.761904762,29.22,5.25,96.0785,19.7633,2019,8,14,Wednesday
497-36-0989,A,C1661,Yangon,Normal,Male,Fashion accessories,51.94,3,7.791,155.82,2019-10-01,15:21,Cash,155.82,4.761904762,0.0,7.9,96.1735,16.8409,2019,10,1,Tuesday
291-59-1384,B,C1211,Mandalay,Normal,Male,Electronic accessories,60.3,1,3.015,60.3,2019-07-26,17:38,Cash,60.3,4.761904762,0.0,7.2,96.0891,21.9588,2019,7,26,Friday
860-73-6466,A,C1760,Yangon,Normal,Female,Sports and travel,39.47,2,3.947,78.94,2019-05-23,16:16,Credit card,78.94,4.761904762,0.0,5.0,96.1735,16.8409,2019,5,23,Thursday
549-23-9016,C,C1387,Naypyitaw,Normal,Female,Food and beverages,14.87,2,1.487,29.74,2019-05-01,18:15,Credit card,29.74,4.761904762,0.0,9.345,96.0785,19.7633,2019,5,1,Wednesday
896-34-0956,A,C1654,Yangon,Normal,Male,Fashion accessories,21.32,1,1.066,21.32,2019-06-21,12:43,Cash,21.32,4.761904762,0.0,5.9,96.1735,16.8409,2019,6,21,Friday
804-38-3935,A,C1859,Yangon,Normal,Male,Electronic accessories,93.78,3,14.067,281.34,2019-04-10,11:32,Credit card,281.34,4.761904762,0.0,5.9,96.1735,16.8409,2019,4,10,Wednesday
585-90-0249,A,C1804,Yangon,Normal,Male,Electronic accessories,73.26,1,3.663,73.26,2019-07-22,18:08,Ewallet,73.26,4.761904762,0.0,9.7,96.1735,16.8409,2019,7,22,Monday
862-29-5914,C,C1308,Naypyitaw,Normal,Female,Sports and travel,22.38,1,1.119,22.38,2019-12-04,17:08,Credit card,22.38,4.761904762,0.0,9.03,96.0785,19.7633,2019,12,4,Wednesday
845-94-6841,C,C1479,Naypyitaw,Normal,Female,Food and beverages,72.88,11,40.084,801.68,2019-05-06,19:38,Cash,655.92,4.761904762,145.76,4.2,96.0785,19.7633,2019,5,6,Monday
125-45-2293,A,C1636,Yangon,Normal,Female,Fashion accessories,99.1,6,29.73,594.6,2019-03-05,13:11,Cash,594.6,4.761904762,0.0,4.2,96.1735,16.8409,2019,3,5,Tuesday
843-73-4724,A,C1828,Yangon,Normal,Male,Fashion accessories,74.1,1,3.705,74.1,2019-05-07,11:05,Cash,74.1,4.761904762,0.0,9.2,96.1735,16.8409,2019,5,7,Tuesday
409-33-9708,A,C1829,Yangon,Normal,Female,Fashion accessories,98.48,2,9.848,196.96,2019-11-16,10:12,Ewallet,196.96,4.761904762,0.0,9.2,96.1735,16.8409,2019,11,16,Saturday
658-66-3967,C,C1365,Naypyitaw,Normal,Male,Health and beauty,53.19,8,21.276,425.52,2019-07-03,15:42,Ewallet,372.33,4.761904762,53.19,5.25,96.0785,19.7633,2019,7,3,Wednesday
866-70-2814,B,C1243,Mandalay,Normal,Female,Electronic accessories,52.79,14,36.953,739.06,2019-05-04,11:58,Ewallet,527.9,4.761904762,211.16,10.0,96.0891,21.9588,2019,5,4,Saturday
160-22-2687,A,C1764,Yangon,Normal,Female,Health and beauty,95.95,5,23.9875,479.75,2019-06-27,14:21,Ewallet,479.75,4.761904762,0.0,8.8,96.1735,16.8409,2019,6,27,Thursday
895-03-6665,B,C1230,Mandalay,Normal,Female,Fashion accessories,36.51,13,23.7315,474.63,2019-11-24,10:52,Cash,328.59,4.761904762,146.04,5.04,96.0891,21.9588,2019,11,24,Sunday
770-42-8960,B,C1271,Mandalay,Normal,Male,Food and beverages,21.12,11,11.616,232.32,2019-10-01,19:31,Cash,168.96,4.761904762,63.36,7.56,96.0891,21.9588,2019,10,1,Tuesday
748-45-2862,A,C1673,Yangon,Normal,Female,Home and lifestyle,28.31,4,5.662,113.24,2019-05-17,18:35,Cash,113.24,4.761904762,0.0,8.2,96.1735,16.8409,2019,5,17,Friday
234-36-2483,B,C1234,Mandalay,Normal,Male,Health and beauty,57.59,8,23.036,460.72,2019-01-15,13:51,Cash,345.54,4.761904762,115.18,6.12,96.0891,21.9588,2019,1,15,Tuesday
316-66-3011,A,C1838,Yangon,Normal,Female,Sports and travel,47.63,9,21.4335,428.67,2019-03-13,12:35,Cash,428.67,4.761904762,0.0,5.0,96.1735,16.8409,2019,3,13,Wednesday
848-95-6252,C,C1473,Naypyitaw,Normal,Female,Sports and travel,86.27,1,4.3135,86.27,2019-01-28,13:24,Ewallet,86.27,4.761904762,0.0,7.35,96.0785,19.7633,2019,1,28,Monday
840-76-5966,A,C1635,Yangon,Normal,Male,Sports and travel,12.76,2,1.276,25.52,2019-07-09,18:06,Ewallet,25.52,4.761904762,0.0,7.8,96.1735,16.8409,2019,7,9,Tuesday
152-03-4217,B,C1240,Mandalay,Normal,Female,Sports and travel,11.28,13,7.332,146.64,2019-11-15,11:55,Credit card,101.52,4.761904762,45.12,5.16,96.0891,21.9588,2019,11,15,Friday
533-66-5566,B,C1249,Mandalay,Normal,Female,Sports and travel,51.07,10,25.535,510.7,2019-09-12,11:42,Cash,357.49,4.761904762,153.21,8.4,96.0891,21.9588,2019,9,12,Thursday
124-31-1458,A,C1897,Yangon,Normal,Female,Sports and travel,79.59,3,11.9385,238.77,2019-05-23,14:30,Cash,238.77,4.761904762,0.0,6.6,96.1735,16.8409,2019,5,23,Thursday
176-78-1170,C,C1457,Naypyitaw,Normal,Male,Health and beauty,33.81,4,6.762,135.24,2019-05-29,15:11,Ewallet,101.43,4.761904762,33.81,7.665,96.0785,19.7633,2019,5,29,Wednesday
361-59-0574,B,C1269,Mandalay,Normal,Male,Sports and travel,90.53,11,49.7915,995.83,2019-03-23,14:48,Credit card,724.24,4.761904762,271.59,7.8,96.0891,21.9588,2019,3,23,Saturday
101-81-4070,C,C1323,Naypyitaw,Normal,Female,Fashion accessories,62.82,2,6.282,125.64,2019-11-11,12:36,Ewallet,125.64,4.761904762,0.0,5.145,96.0785,19.7633,2019,11,11,Monday
631-34-1880,C,C1426,Naypyitaw,Member,Male,Fashion accessories,24.31,6,7.293,145.86,2019-09-26,19:09,Credit card,72.93,4.761904762,72.93,4.515,96.0785,19.7633,2019,9,26,Thursday
852-82-2749,A,C1878,Yangon,Normal,Male,Fashion accessories,64.59,4,12.918,258.36,2019-03-04,13:35,Ewallet,258.36,4.761904762,0.0,9.3,96.1735,16.8409,2019,3,4,Monday
873-14-6353,A,C1687,Yangon,Member,Male,Fashion accessories,24.82,10,12.41,248.2,2019-06-29,10:33,Credit card,173.74,4.761904762,74.46,7.1,96.1735,16.8409,2019,6,29,Saturday
584-66-4073,C,C1396,Naypyitaw,Normal,Male,Fashion accessories,56.5,1,2.825,56.5,2019-03-17,15:45,Ewallet,56.5,4.761904762,0.0,10.0,96.0785,19.7633,2019,3,17,Sunday
544-55-9589,B,C1286,Mandalay,Member,Female,Electronic accessories,21.43,20,21.43,428.6,2019-04-06,11:51,Cash,214.3,4.761904762,214.3,7.44,96.0891,21.9588,2019,4,6,Saturday
166-19-2553,A,C1674,Yangon,Member,Male,Sports and travel,89.06,8,35.624,712.48,2019-06-14,17:26,Cash,534.36,4.761904762,178.12,9.9,96.1735,16.8409,2019,6,14,Friday
737-88-5876,A,C1689,Yangon,Member,Male,Home and lifestyle,23.29,6,6.987,139.74,2019-02-08,11:52,Credit card,93.16,4.761904762,46.58,5.9,96.1735,16.8409,2019,2,8,Friday
154-87-7367,C,C1463,Naypyitaw,Normal,Male,Home and lifestyle,65.26,10,32.63,652.6,2019-02-25,14:04,Ewallet,522.08,4.761904762,130.52,6.615,96.0785,19.7633,2019,2,25,Monday
885-56-0389,C,C1303,Naypyitaw,Normal,Male,Fashion accessories,52.35,1,2.6175,52.35,2019-03-09,17:49,Cash,52.35,4.761904762,0.0,4.2,96.0785,19.7633,2019,3,9,Saturday
608-05-3804,B,C1283,Mandalay,Normal,Male,Electronic accessories,39.75,1,1.9875,39.75,2019-01-30,20:19,Cash,39.75,4.761904762,0.0,7.32,96.0891,21.9588,2019,1,30,Wednesday
448-61-3783,A,C1682,Yangon,Normal,Female,Electronic accessories,90.02,8,36.008,720.16,2019-09-18,16:08,Credit card,720.16,4.761904762,0.0,4.5,96.1735,16.8409,2019,9,18,Wednesday
761-49-0439,B,C1295,Mandalay,Normal,Female,Electronic accessories,12.1,11,6.655,133.1,2019-07-25,10:17,Ewallet,96.8,4.761904762,36.3,10.0,96.0891,21.9588,2019,7,25,Thursday
490-95-0021,B,C1277,Mandalay,Normal,Female,Food and beverages,33.21,14,23.247,464.94,2019-12-16,14:25,Ewallet,332.1,4.761904762,132.84,7.2,96.0891,21.9588,2019,12,16,Monday
115-38-7388,C,C1380,Naypyitaw,Normal,Female,Fashion accessories,10.18,10,5.09,101.8,2019-09-01,12:51,Credit card,81.44,4.761904762,20.36,9.975,96.0785,19.7633,2019,9,1,Sunday
311-13-6971,B,C1267,Mandalay,Normal,Male,Sports and travel,31.99,14,22.393,447.86,2019-07-19,15:18,Credit card,319.9,4.761904762,127.96,10.0,96.0891,21.9588,2019,7,19,Friday
291-55-6563,A,C1643,Yangon,Normal,Female,Home and lifestyle,34.42,6,10.326,206.52,2019-11-21,12:45,Ewallet,206.52,4.761904762,0.0,7.5,96.1735,16.8409,2019,11,21,Thursday
548-48-3156,A,C1796,Yangon,Normal,Female,Food and beverages,83.34,2,8.334,166.68,2019-08-31,13:37,Cash,166.68,4.761904762,0.0,7.6,96.1735,16.8409,2019,8,31,Saturday
460-93-5834,A,C1828,Yangon,Normal,Male,Sports and travel,45.58,7,15.953,319.06,2019-09-28,10:03,Cash,319.06,4.761904762,0.0,5.0,96.1735,16.8409,2019,9,28,Saturday
325-89-4209,A,C1894,Yangon,Normal,Male,Food and beverages,87.9,1,4.395,87.9,2019-04-25,19:42,Ewallet,87.9,4.761904762,0.0,6.7,96.1735,16.8409,2019,4,25,Thursday
884-80-6021,A,C1753,Yangon,Normal,Female,Electronic accessories,73.47,10,36.735,734.7,2019-02-15,13:14,Ewallet,734.7,4.761904762,0.0,9.5,96.1735,16.8409,2019,2,15,Friday
137-74-8729,C,C1372,Naypyitaw,Normal,Female,Fashion accessories,12.19,10,6.095,121.9,2019-09-14,12:47,Ewallet,97.52,4.761904762,24.38,7.14,96.0785,19.7633,2019,9,14,Saturday
880-46-5796,A,C1730,Yangon,Normal,Male,Sports and travel,76.92,10,38.46,769.2,2019-12-20,19:53,Ewallet,769.2,4.761904762,0.0,5.6,96.1735,16.8409,2019,12,20,Friday
389-70-2397,C,C1382,Naypyitaw,Normal,Female,Health and beauty,83.66,6,25.098,501.96,2019-09-16,10:26,Cash,418.3,4.761904762,83.66,7.56,96.0785,19.7633,2019,9,16,Monday
114-35-5271,B,C1255,Mandalay,Normal,Female,Sports and travel,57.91,11,31.8505,637.01,2019-07-11,15:06,Cash,463.28,4.761904762,173.73,9.72,96.0891,21.9588,2019,7,11,Thursday
607-76-6216,C,C1456,Naypyitaw,Normal,Female,Sports and travel,92.49,6,27.747,554.94,2019-04-29,16:35,Credit card,462.45,4.761904762,92.49,9.03,96.0785,19.7633,2019,4,29,Monday
715-20-1673,B,C1291,Mandalay,Normal,Male,Sports and travel,28.38,7,9.933,198.66,2019-10-24,20:57,Cash,141.9,4.761904762,56.76,10.0,96.0891,21.9588,2019,10,24,Thursday
811-35-1094,B,C1250,Mandalay,Normal,Male,Sports and travel,50.45,8,20.18,403.6,2019-03-22,15:16,Credit card,302.7,4.761904762,100.9,10.0,96.0891,21.9588,2019,3,22,Friday
699-88-1972,B,C1216,Mandalay,Normal,Male,Sports and travel,99.16,11,54.538,1090.76,2019-10-07,17:47,Credit card,793.28,4.761904762,297.48,5.04,96.0891,21.9588,2019,10,7,Monday
781-84-8059,C,C1460,Naypyitaw,Normal,Male,Sports and travel,60.74,8,24.296,485.92,2019-10-23,16:23,Ewallet,425.18,4.761904762,60.74,5.25,96.0785,19.7633,2019,10,23,Wednesday
409-49-6995,C,C1322,Naypyitaw,Normal,Female,Sports and travel,47.27,7,16.5445,330.89,2019-01-03,10:17,Cash,283.62,4.761904762,47.27,9.24,96.0785,19.7633,2019,1,3,Thursday
725-54-0677,C,C1315,Naypyitaw,Normal,Male,Sports and travel,85.6,8,34.24,684.8,2019-08-02,13:50,Cash,599.2,4.761904762,85.6,5.565,96.0785,19.7633,2019,8,2,Friday
146-09-5432,A,C1831,Yangon,Normal,Male,Sports and travel,35.04,9,15.768,315.36,2019-02-22,19:17,Ewallet,315.36,4.761904762,0.0,4.6,96.1735,16.8409,2019,2,22,Friday
377-79-7592,C,C1418,Naypyitaw,Normal,Female,Sports and travel,44.84,11,24.662,493.24,2019-12-06,14:00,Credit card,403.56,4.761904762,89.68,7.875,96.0785,19.7633,2019,12,6,Friday
509-10-0516,B,C1204,Mandalay,Normal,Male,Sports and travel,45.97,6,13.791,275.82,2019-05-23,12:02,Ewallet,183.88,4.761904762,91.94,6.12,96.0891,21.9588,2019,5,23,Thursday
595-94-9924,A,C1768,Yangon,Normal,Female,Health and beauty,27.73,5,6.9325,138.65,2019-05-27,20:21,Credit card,138.65,4.761904762,0.0,4.2,96.1735,16.8409,2019,5,27,Monday
865-41-9075,A,C1733,Yangon,Normal,Male,Food and beverages,11.53,7,4.0355,80.71,2019-01-12,17:35,Cash,80.71,4.761904762,0.0,8.1,96.1735,16.8409,2019,1,12,Saturday
545-07-8534,C,C1319,Naypyitaw,Normal,Female,Health and beauty,58.32,2,5.832,116.64,2019-10-05,12:42,Ewallet,116.64,4.761904762,0.0,6.3,96.0785,19.7633,2019,10,5,Saturday
118-62-1812,C,C1417,Naypyitaw,Normal,Female,Home and lifestyle,78.38,5,19.595,391.9,2019-08-19,17:56,Cash,313.52,4.761904762,78.38,8.295,96.0785,19.7633,2019,8,19,Monday
450-42-3339,C,C1378,Naypyitaw,Normal,Male,Health and beauty,84.61,12,50.766,1015.32,2019-05-17,18:58,Credit card,846.1,4.761904762,169.22,9.24,96.0785,19.7633,2019,5,17,Friday
851-98-3555,B,C1257,Mandalay,Normal,Female,Health and beauty,82.88,7,29.008,580.16,2019-03-14,14:08,Credit card,414.4,4.761904762,165.76,7.92,96.0891,21.9588,2019,3,14,Thursday
186-71-5196,A,C1901,Yangon,Normal,Female,Food and beverages,79.54,2,7.954,159.08,2019-08-12,16:30,Ewallet,159.08,4.761904762,0.0,6.2,96.1735,16.8409,2019,8,12,Monday
624-01-8356,B,C1201,Mandalay,Normal,Female,Home and lifestyle,49.01,14,34.307,686.14,2019-08-17,10:44,Credit card,490.1,4.761904762,196.04,5.04,96.0891,21.9588,2019,8,17,Saturday
313-66-9943,B,C1200,Mandalay,Normal,Female,Food and beverages,29.15,4,5.83,116.6,2019-10-06,20:29,Credit card,87.45,4.761904762,29.15,8.76,96.0891,21.9588,2019,10,6,Sunday
151-27-8496,C,C1379,Naypyitaw,Normal,Female,Electronic accessories,56.13,5,14.0325,280.65,2019-03-18,11:43,Ewallet,224.52,4.761904762,56.13,9.03,96.0785,19.7633,2019,3,18,Monday
453-33-6436,A,C1776,Yangon,Normal,Female,Home and lifestyle,93.12,8,37.248,744.96,2019-09-13,10:09,Cash,744.96,4.761904762,0.0,6.8,96.1735,16.8409,2019,9,13,Friday
522-57-8364,A,C1836,Yangon,Normal,Male,Fashion accessories,51.34,8,20.536,410.72,2019-07-02,10:00,Ewallet,410.72,4.761904762,0.0,7.6,96.1735,16.8409,2019,7,2,Tuesday
459-45-2396,A,C1861,Yangon,Normal,Female,Food and beverages,99.6,3,14.94,298.8,2019-12-13,18:45,Cash,298.8,4.761904762,0.0,5.8,96.1735,16.8409,2019,12,13,Friday
717-96-4189,C,C1447,Naypyitaw,Normal,Female,Electronic accessories,35.49,7,12.4215,248.43,2019-03-19,12:40,Cash,212.94,4.761904762,35.49,4.305,96.0785,19.7633,2019,3,19,Tuesday
722-13-2115,C,C1403,Naypyitaw,Normal,Male,Sports and travel,42.85,1,2.1425,42.85,2019-03-01,15:36,Credit card,42.85,4.761904762,0.0,9.765,96.0785,19.7633,2019,3,1,Friday
749-81-8133,A,C1858,Yangon,Normal,Female,Fashion accessories,94.67,4,18.934,378.68,2019-07-19,12:04,Cash,378.68,4.761904762,0.0,6.8,96.1735,16.8409,2019,7,19,Friday
777-67-2495,B,C1281,Mandalay,Normal,Male,Home and lifestyle,68.97,4,13.794,275.88,2019-10-28,11:26,Ewallet,206.91,4.761904762,68.97,10.0,96.0891,21.9588,2019,10,28,Monday
636-98-3364,B,C1225,Mandalay,Normal,Female,Electronic accessories,26.26,4,5.252,105.04,2019-06-26,12:36,Ewallet,78.78,4.761904762,26.26,7.56,96.0891,21.9588,2019,6,26,Wednesday
246-55-6923,C,C1370,Naypyitaw,Normal,Female,Home and lifestyle,35.79,11,19.6845,393.69,2019-04-17,15:06,Credit card,322.11,4.761904762,71.58,5.355,96.0785,19.7633,2019,4,17,Wednesday
181-82-6255,B,C1277,Mandalay,Normal,Female,Home and lifestyle,16.37,8,6.548,130.96,2019-07-25,10:58,Cash,98.22,4.761904762,32.74,8.4,96.0891,21.9588,2019,7,25,Thursday
838-02-1821,C,C1458,Naypyitaw,Normal,Female,Home and lifestyle,12.73,2,1.273,25.46,2019-04-11,12:10,Credit card,25.46,4.761904762,0.0,5.46,96.0785,19.7633,2019,4,11,Thursday
887-42-0517,C,C1325,Naypyitaw,Normal,Female,Sports and travel,83.14,8,33.256,665.12,2019-07-27,10:31,Credit card,581.98,4.761904762,83.14,6.93,96.0785,19.7633,2019,7,27,Saturday
457-12-0244,C,C1394,Naypyitaw,Normal,Female,Sports and travel,35.22,7,12.327,246.54,2019-11-16,13:49,Ewallet,211.32,4.761904762,35.22,6.825,96.0785,19.7633,2019,11,16,Saturday
226-34-0034,B,C1273,Mandalay,Normal,Female,Electronic accessories,13.78,6,4.134,82.68,2019-02-16,11:10,Ewallet,55.12,4.761904762,27.56,10.0,96.0891,21.9588,2019,2,16,Saturday
321-49-7382,B,C1292,Mandalay,Normal,Male,Sports and travel,88.31,1,4.4155,88.31,2019-04-28,17:38,Credit card,88.31,4.761904762,0.0,6.24,96.0891,21.9588,2019,4,28,Sunday
397-25-8725,A,C1645,Yangon,Normal,Female,Health and beauty,39.62,9,17.829,356.58,2019-10-27,17:54,Credit card,356.58,4.761904762,0.0,6.8,96.1735,16.8409,2019,10,27,Sunday
431-66-2305,B,C1246,Mandalay,Normal,Female,Electronic accessories,88.25,13,57.3625,1147.25,2019-10-06,20:51,Credit card,794.25,4.761904762,353.0,9.12,96.0891,21.9588,2019,10,6,Sunday
825-94-5922,B,C1267,Mandalay,Normal,Male,Sports and travel,25.31,3,3.7965,75.93,2019-03-15,19:26,Ewallet,50.62,4.761904762,25.31,8.64,96.0891,21.9588,2019,3,15,Friday
641-62-7288,B,C1277,Mandalay,Normal,Male,Home and lifestyle,99.92,8,39.968,799.36,2019-07-17,13:33,Ewallet,599.52,4.761904762,199.84,8.52,96.0891,21.9588,2019,7,17,Wednesday
756-93-1854,C,C1430,Naypyitaw,Normal,Female,Sports and travel,83.35,2,8.335,166.7,2019-12-25,14:05,Credit card,166.7,4.761904762,0.0,9.975,96.0785,19.7633,2019,12,25,Wednesday
243-55-8457,A,C1843,Yangon,Normal,Female,Sports and travel,74.44,10,37.22,744.4,2019-10-07,11:40,Ewallet,744.4,4.761904762,0.0,5.1,96.1735,16.8409,2019,10,7,Monday
458-10-8612,C,C1301,Naypyitaw,Normal,Male,Sports and travel,64.08,8,25.632,512.64,2019-07-04,12:27,Ewallet,448.56,4.761904762,64.08,7.98,96.0785,19.7633,2019,7,4,Thursday
501-61-1753,B,C1285,Mandalay,Normal,Female,Sports and travel,63.15,8,25.26,505.2,2019-02-20,20:24,Ewallet,378.9,4.761904762,126.3,10.0,96.0891,21.9588,2019,2,20,Wednesday
235-06-8510,C,C1383,Naypyitaw,Normal,Male,Sports and travel,85.72,4,17.144,342.88,2019-04-25,20:59,Ewallet,257.16,4.761904762,85.72,5.355,96.0785,19.7633,2019,4,25,Thursday
433-08-7822,C,C1351,Naypyitaw,Normal,Female,Sports and travel,78.89,8,31.556,631.12,2019-11-09,19:48,Ewallet,552.23,4.761904762,78.89,7.875,96.0785,19.7633,2019,11,9,Saturday
361-85-2571,A,C1637,Yangon,Normal,Female,Sports and travel,89.48,5,22.37,447.4,2019-03-17,10:18,Cash,447.4,4.761904762,0.0,7.4,96.1735,16.8409,2019,3,17,Sunday
131-70-8179,A,C1665,Yangon,Normal,Female,Sports and travel,92.09,3,13.8135,276.27,2019-09-16,16:27,Cash,276.27,4.761904762,0.0,4.2,96.1735,16.8409,2019,9,16,Monday
500-02-2261,C,C1457,Naypyitaw,Normal,Female,Sports and travel,57.29,7,20.0515,401.03,2019-02-02,17:04,Ewallet,343.74,4.761904762,57.29,6.195,96.0785,19.7633,2019,2,2,Saturday
720-72-2436,A,C1686,Yangon,Normal,Male,Sports and travel,66.52,4,13.304,266.08,2019-04-01,18:14,Ewallet,266.08,4.761904762,0.0,6.9,96.1735,16.8409,2019,4,1,Monday
702-83-5291,C,C1413,Naypyitaw,Normal,Male,Sports and travel,99.82,11,54.901,1098.02,2019-08-14,10:43,Cash,898.38,4.761904762,199.64,6.93,96.0785,19.7633,2019,8,14,Wednesday
809-69-9497,A,C1738,Yangon,Normal,Female,Home and lifestyle,45.68,10,22.84,456.8,2019-08-19,19:30,Ewallet,456.8,4.761904762,0.0,5.7,96.1735,16.8409,2019,8,19,Monday
449-16-6770,A,C1633,Yangon,Normal,Male,Health and beauty,50.79,5,12.6975,253.95,2019-06-04,14:53,Credit card,253.95,4.761904762,0.0,5.3,96.1735,16.8409,2019,6,4,Tuesday
333-23-2632,A,C1756,Yangon,Normal,Male,Health and beauty,10.08,7,3.528,70.56,2019-11-18,20:14,Cash,70.56,4.761904762,0.0,4.2,96.1735,16.8409,2019,11,18,Monday
489-82-1237,A,C1701,Yangon,Normal,Female,Electronic accessories,93.88,7,32.858,657.16,2019-01-11,11:51,Credit card,657.16,4.761904762,0.0,7.3,96.1735,16.8409,2019,1,11,Friday
859-97-6048,C,C1311,Naypyitaw,Normal,Male,Electronic accessories,84.25,2,8.425,168.5,2019-03-29,14:13,Credit card,168.5,4.761904762,0.0,5.565,96.0785,19.7633,2019,3,29,Friday
676-10-2200,B,C1289,Mandalay,Normal,Male,Fashion accessories,53.78,1,2.689,53.78,2019-02-25,20:13,Ewallet,53.78,4.761904762,0.0,5.64,96.0891,21.9588,2019,2,25,Monday
373-88-1424,C,C1458,Naypyitaw,Normal,Male,Home and lifestyle,35.81,6,10.743,214.86,2019-06-20,18:44,Ewallet,179.05,4.761904762,35.81,8.295,96.0785,19.7633,2019,6,20,Thursday
365-16-4334,B,C1265,Mandalay,Normal,Female,Food and beverages,26.43,11,14.5365,290.73,2019-02-26,14:26,Ewallet,211.44,4.761904762,79.29,10.0,96.0891,21.9588,2019,2,26,Tuesday
503-21-4385,B,C1260,Mandalay,Normal,Male,Health and beauty,39.91,4,7.982,159.64,2019-10-04,12:40,Ewallet,119.73,4.761904762,39.91,10.0,96.0891,21.9588,2019,10,4,Friday
305-89-2768,B,C1267,Mandalay,Member,Female,Home and lifestyle,21.9,6,6.57,131.4,2019-11-05,18:43,Ewallet,65.7,4.761904762,65.7,5.64,96.0891,21.9588,2019,11,5,Tuesday
574-80-1489,B,C1280,Mandalay,Member,Female,Food and beverages,62.85,8,25.14,502.8,2019-06-03,13:22,Ewallet,251.4,4.761904762,251.4,10.0,96.0891,21.9588,2019,6,3,Monday
784-08-0310,C,C1356,Naypyitaw,Member,Female,Food and beverages,21.04,7,7.364,147.28,2019-03-26,13:58,Cash,84.16,4.761904762,63.12,7.98,96.0785,19.7633,2019,3,26,Tuesday
200-40-6154,B,C1208,Mandalay,Member,Male,Home and lifestyle,65.91,11,36.2505,725.01,2019-03-03,11:45,Cash,395.46,4.761904762,329.55,6.84,96.0891,21.9588,2019,3,3,Sunday
846-10-0341,A,C1632,Yangon,Normal,Female,Fashion accessories,42.57,7,14.8995,297.99,2019-06-07,11:51,Cash,297.99,4.761904762,0.0,6.8,96.1735,16.8409,2019,6,7,Friday
577-34-7579,C,C1407,Naypyitaw,Member,Male,Food and beverages,50.49,15,37.8675,757.35,2019-11-19,17:16,Cash,454.41,4.761904762,302.94,5.67,96.0785,19.7633,2019,11,19,Tuesday
430-02-3888,B,C1296,Mandalay,Normal,Male,Electronic accessories,46.02,8,18.408,368.16,2019-08-20,15:55,Cash,276.12,4.761904762,92.04,8.52,96.0891,21.9588,2019,8,20,Tuesday
867-47-1948,C,C1448,Naypyitaw,Normal,Female,Home and lifestyle,15.8,12,9.48,189.6,2019-02-21,12:07,Cash,158.0,4.761904762,31.6,8.19,96.0785,19.7633,2019,2,21,Thursday
384-59-6655,A,C1892,Yangon,Member,Female,Food and beverages,98.66,13,64.129,1282.58,2019-07-27,15:07,Cash,887.94,4.761904762,394.64,8.4,96.1735,16.8409,2019,7,27,Saturday
256-58-3609,C,C1447,Naypyitaw,Member,Male,Fashion accessories,91.98,1,4.599,91.98,2019-07-09,15:29,Cash,91.98,4.761904762,0.0,10.0,96.0785,19.7633,2019,7,9,Tuesday
324-92-3863,A,C1705,Yangon,Member,Male,Electronic accessories,20.89,3,3.1335,62.67,2019-05-28,18:45,Cash,41.78,4.761904762,20.89,9.8,96.1735,16.8409,2019,5,28,Tuesday
593-08-5916,A,C1800,Yangon,Normal,Female,Fashion accessories,15.5,1,0.775,15.5,2019-07-02,15:23,Credit card,15.5,4.761904762,0.0,7.4,96.1735,16.8409,2019,7,2,Tuesday
364-34-2972,C,C1319,Naypyitaw,Member,Male,Electronic accessories,96.82,6,29.046,580.92,2019-02-19,20:37,Cash,290.46,4.761904762,290.46,7.035,96.0785,19.7633,2019,2,19,Tuesday
794-42-3736,B,C1293,Mandalay,Normal,Male,Food and beverages,33.33,3,4.9995,99.99,2019-02-17,14:41,Credit card,66.66,4.761904762,33.33,7.68,96.0891,21.9588,2019,2,17,Sunday
172-42-8274,B,C1227,Mandalay,Normal,Female,Fashion accessories,38.27,3,5.7405,114.81,2019-01-02,18:18,Credit card,76.54,4.761904762,38.27,6.96,96.0891,21.9588,2019,1,2,Wednesday
558-60-5016,A,C1757,Yangon,Normal,Female,Fashion accessories,33.3,9,14.985,299.7,2019-06-06,15:27,Ewallet,299.7,4.761904762,0.0,7.2,96.1735,16.8409,2019,6,6,Thursday
195-06-0432,A,C1666,Yangon,Member,Male,Fashion accessories,81.01,4,16.202,324.04,2019-03-08,12:55,Credit card,243.03,4.761904762,81.01,9.3,96.1735,16.8409,2019,3,8,Friday
605-03-2706,A,C1705,Yangon,Normal,Female,Fashion accessories,15.8,3,2.37,47.4,2019-09-19,18:02,Cash,47.4,4.761904762,0.0,9.5,96.1735,16.8409,2019,9,19,Thursday
214-30-2776,B,C1299,Mandalay,Member,Female,Fashion accessories,34.49,10,17.245,344.9,2019-12-10,19:44,Credit card,172.45,4.761904762,172.45,10.0,96.0891,21.9588,2019,12,10,Tuesday
448-34-8700,B,C1261,Mandalay,Member,Male,Home and lifestyle,36.91,14,25.837,516.74,2019-07-09,13:51,Ewallet,258.37,4.761904762,258.37,8.04,96.0891,21.9588,2019,7,9,Tuesday
452-04-8808,B,C1266,Mandalay,Normal,Male,Electronic accessories,87.08,10,43.54,870.8,2019-04-19,15:17,Cash,609.56,4.761904762,261.24,6.6,96.0891,21.9588,2019,4,19,Friday
531-56-4728,A,C1683,Yangon,Normal,Male,Sports and travel,80.08,3,12.012,240.24,2019-04-01,15:29,Cash,240.24,4.761904762,0.0,5.4,96.1735,16.8409,2019,4,1,Monday
744-82-9138,C,C1404,Naypyitaw,Normal,Male,Sports and travel,86.13,2,8.613,172.26,2019-07-24,17:59,Cash,172.26,4.761904762,0.0,8.61,96.0785,19.7633,2019,7,24,Wednesday
883-69-1285,B,C1272,Mandalay,Member,Male,Sports and travel,49.92,4,9.984,199.68,2019-04-02,11:55,Credit card,99.84,4.761904762,99.84,8.4,96.0891,21.9588,2019,4,2,Tuesday
221-25-5073,A,C1830,Yangon,Normal,Female,Sports and travel,74.66,4,14.932,298.64,2019-10-23,10:39,Cash,298.64,4.761904762,0.0,8.5,96.1735,16.8409,2019,10,23,Wednesday
518-71-6847,B,C1220,Mandalay,Member,Male,Sports and travel,26.6,11,14.63,292.6,2019-11-11,15:10,Ewallet,159.6,4.761904762,133.0,5.88,96.0891,21.9588,2019,11,11,Monday
156-20-0370,B,C1261,Mandalay,Normal,Female,Sports and travel,25.45,1,1.2725,25.45,2019-07-29,18:10,Credit card,25.45,4.761904762,0.0,6.12,96.0891,21.9588,2019,7,29,Monday
151-33-7434,B,C1295,Mandalay,Normal,Female,Sports and travel,67.77,1,3.3885,67.77,2019-12-02,20:43,Credit card,67.77,4.761904762,0.0,7.8,96.0891,21.9588,2019,12,2,Monday
728-47-9078,C,C1401,Naypyitaw,Member,Male,Sports and travel,59.59,7,20.8565,417.13,2019-05-10,12:46,Cash,238.36,4.761904762,178.77,10.0,96.0785,19.7633,2019,5,10,Friday
809-46-1866,A,C1768,Yangon,Normal,Male,Sports and travel,58.15,4,11.63,232.6,2019-04-08,17:44,Cash,232.6,4.761904762,0.0,8.4,96.1735,16.8409,2019,4,8,Monday
139-32-4183,A,C1780,Yangon,Member,Female,Sports and travel,97.48,13,63.362,1267.24,2019-04-16,14:19,Ewallet,877.32,4.761904762,389.92,7.4,96.1735,16.8409,2019,4,16,Tuesday
148-41-7930,C,C1316,Naypyitaw,Normal,Male,Health and beauty,99.96,8,39.984,799.68,2019-10-20,10:33,Cash,699.72,4.761904762,99.96,6.405,96.0785,19.7633,2019,10,20,Sunday
189-40-5216,C,C1346,Naypyitaw,Normal,Male,Electronic accessories,96.37,8,38.548,770.96,2019-06-28,11:40,Cash,674.59,4.761904762,96.37,6.3,96.0785,19.7633,2019,6,28,Friday
374-38-5555,B,C1212,Mandalay,Normal,Female,Fashion accessories,63.71,7,22.2985,445.97,2019-08-16,19:30,Ewallet,318.55,4.761904762,127.42,10.0,96.0891,21.9588,2019,8,16,Friday
764-44-8999,B,C1292,Mandalay,Normal,Female,Health and beauty,14.76,3,2.214,44.28,2019-11-27,14:42,Ewallet,29.52,4.761904762,14.76,5.16,96.0891,21.9588,2019,11,27,Wednesday
552-44-5977,B,C1214,Mandalay,Member,Male,Health and beauty,62.0,15,46.5,930.0,2019-07-05,19:08,Credit card,496.0,4.761904762,434.0,7.44,96.0891,21.9588,2019,7,5,Friday
430-53-4718,B,C1233,Mandalay,Member,Male,Fashion accessories,75.37,15,56.5275,1130.55,2019-12-21,15:46,Credit card,602.96,4.761904762,527.59,10.0,96.0891,21.9588,2019,12,21,Saturday
886-18-2897,A,C1863,Yangon,Normal,Female,Fashion accessories,56.56,5,14.14,282.8,2019-08-15,19:06,Credit card,282.8,4.761904762,0.0,4.5,96.1735,16.8409,2019,8,15,Thursday
602-16-6955,B,C1200,Mandalay,Normal,Female,Fashion accessories,76.6,14,53.62,1072.4,2019-10-28,18:10,Ewallet,766.0,4.761904762,306.4,7.2,96.0891,21.9588,2019,10,28,Monday
745-74-0715,A,C1612,Yangon,Normal,Male,Fashion accessories,58.03,2,5.803,116.06,2019-02-16,20:46,Ewallet,116.06,4.761904762,0.0,8.8,96.1735,16.8409,2019,2,16,Saturday
690-01-6631,B,C1234,Mandalay,Normal,Male,Fashion accessories,17.49,14,12.243,244.86,2019-01-29,18:35,Ewallet,174.9,4.761904762,69.96,7.92,96.0891,21.9588,2019,1,29,Tuesday
652-49-6720,C,C1415,Naypyitaw,Member,Female,Fashion accessories,60.95,1,3.0475,60.95,2019-09-16,11:40,Ewallet,60.95,4.761904762,0.0,6.195,96.0785,19.7633,2019,9,16,Monday
233-67-5758,C,C1451,Naypyitaw,Normal,Male,Fashion accessories,40.35,1,2.0175,40.35,2019-10-02,13:46,Ewallet,40.35,4.761904762,0.0,6.51,96.0785,19.7633,2019,10,2,Wednesday
727-02-1313,A,C1678,Yangon,Member,Male,Fashion accessories,31.84,1,1.592,31.84,2019-01-16,13:22,Cash,31.84,4.761904762,0.0,7.7,96.1735,16.8409,2019,1,16,Wednesday
347-56-2442,A,C1661,Yangon,Normal,Male,Fashion accessories,65.82,1,3.291,65.82,2019-03-21,15:33,Cash,65.82,4.761904762,0.0,4.1,96.1735,16.8409,2019,3,21,Thursday
849-09-3807,A,C1647,Yangon,Member,Female,Fashion accessories,88.34,10,44.17,883.4,2019-10-11,13:28,Cash,618.38,4.761904762,265.02,6.6,96.1735,16.8409,2019,10,11,Friday
